name,formula,G_cal,H_cal,S_cal,a1,a2,a3,a4,c1,c2,omega,z,ref_key,citation,date
CH4,CH4,-8140.0,-20930.0,21.0,17.69,-15.3,-67.88,11.47,40.87,6.45,-0.4,0.0,PS01,"A. V. Plyasunov and E. L. Shock (2001) Geochim. Cosmochim. Acta 65, 3879-3900",2000-10-04
ethane,C2H6,-3886.0,-24650.0,26.81,8.634,13.3011,0.5205,-3.3288,54.1755,14.9521,-0.406,0.0,SH90,"E. L. Shock and H. C. Helgeson (1990) Geochim. Cosmochim. Acta 54, 915-945",1987-08-31
propane,C3H8,-1963.0,-30490.0,33.37,10.7625,18.4948,-1.5133,-3.5435,66.3294,19.4946,-0.5053,0.0,SH90,"E. L. Shock and H. C. Helgeson (1990) Geochim. Cosmochim. Acta 54, 915-945",1987-08-31
butane,C4H10,36.0,-36230.0,40.02,12.8905,23.696,-3.5683,-3.7585,79.0569,24.2408,-0.6061,0.0,SH90,"E. L. Shock and H. C. Helgeson (1990) Geochim. Cosmochim. Acta 54, 915-945",1993-01-15
pentane,C5H12,2130.0,-41560.0,47.5,15.0143,28.8771,-5.5949,-3.9727,89.207,28.1315,-0.7193,0.0,SH90,"E. L. Shock and H. C. Helgeson (1990) Geochim. Cosmochim. Acta 54, 915-945",1993-01-15
hexane,C6H14,4600.0,-47490.0,52.9,45.65,-4.78,-124.04,2.87,108.27,22.94,-0.47,0.0,PS01,"A. V. Plyasunov and E. L. Shock (2001) Geochim. Cosmochim. Acta 65, 3879-3900",2000-10-04
heptane,C7H16,6470.0,-52950.0,60.0,19.2745,39.281,-9.6879,-4.4028,112.898,36.9721,-0.9086,0.0,SH90,"E. L. Shock and H. C. Helgeson (1990) Geochim. Cosmochim. Acta 54, 915-945",1993-01-15
octane,C8H18,8580.0,-59410.0,63.8,21.4171,44.5126,-11.7437,-4.6191,124.7924,41.2905,-0.9662,0.0,SH90,"E. L. Shock and H. C. Helgeson (1990) Geochim. Cosmochim. Acta 54, 915-945",1993-01-15
ethylene,C2H4,19530.0,8610.0,28.6,17.69,-5.5,-53.78,3.59,43.98,12.91,-0.31,0.0,PS01,"A. V. Plyasunov and E. L. Shock (2001) Geochim. Cosmochim. Acta 65, 3879-3900",2000-10-04
propene,C3H6,17910.0,-290.0,36.7,9.9655,16.5518,-0.7564,-3.4632,50.0997,14.0151,-0.5558,0.0,SH90,"E. L. Shock and H. C. Helgeson (1990) Geochim. Cosmochim. Acta 54, 915-945",1987-09-04
butene,C4H8,20310.0,-5635.0,43.4,12.0932,21.7476,-2.7991,-3.6779,61.5894,18.3335,-0.6572,0.0,SH90,"E. L. Shock and H. C. Helgeson (1990) Geochim. Cosmochim. Acta 54, 915-945",1987-09-04
pentene,C5H10,22470.0,-11200.0,50.1,14.221,26.9431,-4.8413,-3.8927,73.0791,22.652,-0.7587,0.0,SH90,"E. L. Shock and H. C. Helgeson (1990) Geochim. Cosmochim. Acta 54, 915-945",1987-09-04
hexene,C6H12,24370.0,-17025.0,56.8,16.3488,32.1387,-6.8838,-4.1075,84.5689,26.9704,-0.8602,0.0,SH90,"E. L. Shock and H. C. Helgeson (1990) Geochim. Cosmochim. Acta 54, 915-945",1987-09-04
heptene,C7H14,26450.0,-22670.0,63.5,18.4766,37.3342,-8.926,-4.3223,96.0586,31.2889,-0.9616,0.0,SH90,"E. L. Shock and H. C. Helgeson (1990) Geochim. Cosmochim. Acta 54, 915-945",1987-09-04
octene,C8H16,28720.0,-28120.0,70.2,20.6044,42.5297,-10.9682,-4.5371,107.5483,35.6073,-1.0631,0.0,SH90,"E. L. Shock and H. C. Helgeson (1990) Geochim. Cosmochim. Acta 54, 915-945",1987-09-04
ethyne,C2H2,51890.0,50700.0,30.0,8.3577,12.6272,0.7833,-3.3009,33.0423,7.7615,-0.4543,0.0,SH90,"E. L. Shock and H. C. Helgeson (1990) Geochim. Cosmochim. Acta 54, 915-945",1987-08-31
1-propyne,C3H4,47880.0,38970.0,36.7,10.4855,17.8227,-1.2588,-3.5157,44.5321,12.0799,-0.5558,0.0,SH90,"E. L. Shock and H. C. Helgeson (1990) Geochim. Cosmochim. Acta 54, 915-945",1987-09-04
1-butyne,C4H6,50030.0,33400.0,43.4,12.6132,23.0185,-3.3011,-3.7305,56.0218,16.3984,-0.6572,0.0,SH90,"E. L. Shock and H. C. Helgeson (1990) Geochim. Cosmochim. Acta 54, 915-945",1987-09-04
1-pentyne,C5H8,52160.0,27800.0,50.1,14.741,28.214,-5.3433,-3.9453,67.5117,20.7168,-0.7587,0.0,SH90,"E. L. Shock and H. C. Helgeson (1990) Geochim. Cosmochim. Acta 54, 915-945",1987-09-04
1-hexyne,C6H10,54420.0,22340.0,56.8,16.8688,33.4096,-7.3857,-4.1601,79.0012,25.0353,-0.8602,0.0,SH90,"E. L. Shock and H. C. Helgeson (1990) Geochim. Cosmochim. Acta 54, 915-945",1987-09-04
1-heptyne,C7H12,56730.0,16980.0,63.7,18.9956,38.6015,-9.4245,-4.3747,90.4632,29.3537,-0.9647,0.0,SH90,"E. L. Shock and H. C. Helgeson (1990) Geochim. Cosmochim. Acta 54, 915-945",1987-09-04
1-octyne,C8H14,58860.0,11330.0,70.2,21.1244,43.8006,-11.4705,-4.5896,101.9808,33.6721,-1.0631,0.0,SH90,"E. L. Shock and H. C. Helgeson (1990) Geochim. Cosmochim. Acta 54, 915-945",1987-09-04
toluene,C6H5CH3,30260.0,3280.0,43.9,15.0259,21.9153,12.1349,-3.6849,93.924,2.8953,-0.3248,0.0,SH90,"E. L. Shock and H. C. Helgeson (1990) Geochim. Cosmochim. Acta 54, 915-945",1987-09-04
ethylbenzene,C6H5C2H5,32440.0,-2500.0,49.8,17.1974,26.2574,12.4885,-3.8644,108.3695,4.0918,-0.4142,0.0,SH90,"E. L. Shock and H. C. Helgeson (1990) Geochim. Cosmochim. Acta 54, 915-945",1987-09-04
n-propylbenzene,C6H5C3H7,34170.0,-8630.0,56.1,19.3272,30.5152,12.8372,-4.0404,128.4523,5.7345,-0.5096,0.0,SH90,"E. L. Shock and H. C. Helgeson (1990) Geochim. Cosmochim. Acta 54, 915-945",1987-08-31
n-butylbenzene,C6H5C4H9,36110.0,-14430.0,62.8,21.455,34.7658,13.1931,-4.2162,145.8054,7.1676,-0.611,0.0,SH90,"E. L. Shock and H. C. Helgeson (1990) Geochim. Cosmochim. Acta 54, 915-945",1987-08-31
n-pentylbenzene,C6H5C5H11,38210.0,-19750.0,69.5,23.5828,39.0164,13.549,-4.3918,163.1584,8.6007,-0.7125,0.0,SH90,"E. L. Shock and H. C. Helgeson (1990) Geochim. Cosmochim. Acta 54, 915-945",1987-09-02
n-hexylbenzene,C6H5C6H13,40390.0,-25590.0,76.2,25.7106,43.2732,13.8894,-4.5678,180.5115,10.0338,-0.814,0.0,SH90,"E. L. Shock and H. C. Helgeson (1990) Geochim. Cosmochim. Acta 54, 915-945",1987-09-02
n-heptylbenzene,C6H5C7H15,42640.0,-31090.0,82.9,27.8384,47.5238,14.2453,-4.7435,197.8642,11.467,-0.9154,0.0,SH90,"E. L. Shock and H. C. Helgeson (1990) Geochim. Cosmochim. Acta 54, 915-945",1987-09-02
n-octylbenzene,C6H5C8H17,44690.0,-36760.0,89.6,29.9662,51.7744,14.6016,-4.9193,215.2173,12.9001,-1.0169,0.0,SH90,"E. L. Shock and H. C. Helgeson (1990) Geochim. Cosmochim. Acta 54, 915-945",1987-09-02
methanol,CH3OH,-42020.0,-58880.0,31.8,8.37,4.06,-0.24,-1.43,34.42,0.96,-0.15,0.0,PS01,"A. V. Plyasunov and E. L. Shock (2001) Geochim. Cosmochim. Acta 65, 3879-3900",2000-10-04
ethanol,C2H5OH,-43240.0,-68770.0,35.3,11.71,6.21,5.98,-3.35,58.8,1.67,-0.12,0.0,PS01,"A. V. Plyasunov and E. L. Shock (2001) Geochim. Cosmochim. Acta 65, 3879-3900",2000-10-04
propanol,C3H7OH,-41130.0,-74750.0,40.8,14.58,9.08,12.19,-5.5,74.33,3.35,-0.2,0.0,PS01,"A. V. Plyasunov and E. L. Shock (2001) Geochim. Cosmochim. Acta 65, 3879-3900",2000-10-04
butanol,C4H9OH,-38840.0,-80320.0,46.9,13.4902,17.94,14.1816,-3.5205,94.8858,3.0034,-0.3702,0.0,SH90,"E. L. Shock and H. C. Helgeson (1990) Geochim. Cosmochim. Acta 54, 915-945",1987-09-02
pentanol,C5H11OH,-38470.0,-87730.0,53.4,15.6573,22.623,13.6464,-3.7141,111.9216,4.4095,-0.4687,0.0,SH90,"E. L. Shock and H. C. Helgeson (1990) Geochim. Cosmochim. Acta 54, 915-945",1987-09-02
hexanol,C6H13OH,-35490.0,-92690.0,59.3,17.8125,27.4861,12.591,-3.9152,127.661,5.7074,-0.558,0.0,SH90,"E. L. Shock and H. C. Helgeson (1990) Geochim. Cosmochim. Acta 54, 915-945; E. L. Shock et al. (2016) slop16.dat computer data file",1998-06-02
heptanol,C7H15OH,-31990.0,-97270.0,64.7,19.8073,31.4734,12.9195,-4.08,152.6139,7.7219,-0.6398,0.0,SH90,"E. L. Shock and H. C. Helgeson (1990) Geochim. Cosmochim. Acta 54, 915-945; E. L. Shock et al. (2016) slop16.dat computer data file",1998-06-02
octanol,C8H17OH,-30250.0,-103060.0,72.1,21.9274,35.7067,13.2792,-4.255,169.5242,9.128,-0.7519,0.0,SH90,"E. L. Shock and H. C. Helgeson (1990) Geochim. Cosmochim. Acta 54, 915-945; E. L. Shock et al. (2016) slop16.dat computer data file",1987-09-02
acetone,C3H6O,-38500.0,-61720.0,44.4,10.81,13.4912,11.435,-3.3366,54.9496,-0.1534,-0.3324,0.0,SH90,"E. L. Shock and H. C. Helgeson (1990) Geochim. Cosmochim. Acta 54, 915-945",1987-09-02
butanone,C4H8O,-36730.0,-67880.0,50.3,12.9145,17.6967,11.7839,-3.5105,73.7083,1.381,-0.4217,0.0,SH90,"E. L. Shock and H. C. Helgeson (1990) Geochim. Cosmochim. Acta 54, 915-945",1987-09-02
2-pentanone,C5H10O,-34390.0,-73460.0,56.3,15.0021,21.8653,12.1372,-3.6828,91.1588,2.8142,-0.5126,0.0,SH90,"E. L. Shock and H. C. Helgeson (1990) Geochim. Cosmochim. Acta 54, 915-945",1987-09-02
2-hexanone,C6H12O,-32480.0,-79220.0,63.4,17.1141,26.0886,12.4806,-3.8574,108.456,4.2473,-0.6201,0.0,SH90,"E. L. Shock and H. C. Helgeson (1990) Geochim. Cosmochim. Acta 54, 915-945",1987-09-02
2-heptanone,C7H14O,-30430.0,-84890.0,70.1,19.2419,30.3392,12.8366,-4.0331,125.8091,5.6804,-0.7216,0.0,SH90,"E. L. Shock and H. C. Helgeson (1990) Geochim. Cosmochim. Acta 54, 915-945",1987-09-02
2-octanone,C8H16O,-28380.0,-90560.0,76.8,21.3697,34.596,13.1769,-4.2091,143.162,7.1135,-0.8231,0.0,SH90,"E. L. Shock and H. C. Helgeson (1990) Geochim. Cosmochim. Acta 54, 915-945",1987-09-02
a-aminobutyric acid,C4H9NO2,-87120.0,-138180.0,46.7,12.1092,16.0862,11.6529,-3.4439,50.6605,-0.4643,-0.3672,0.0,SH90,"E. L. Shock and H. C. Helgeson (1990) Geochim. Cosmochim. Acta 54, 915-945",1987-09-04
ethylacetate,CH3COOCH2CH3,-79300.0,-116840.0,53.4,13.8375,24.6396,-1.0033,-3.7975,83.6983,4.4052,-0.2334,0.0,Sho93,"E. L. Shock (1993) Geochim. Cosmochim. Acta 57, 3341-3349",1993-03-18
acetamide,CH3CONH2,-50860.0,-77290.0,39.5,9.2939,14.3387,1.3439,-3.3717,37.6126,-1.1867,-0.3255,0.0,Sho93,"E. L. Shock (1993) Geochim. Cosmochim. Acta 57, 3341-3349",2019-05-29
CO,CO,-28682.0,-28910.0,24.53,6.2373,7.4498,2.8184,-3.0869,40.2523,10.0022,-0.3715,0.0,SM93,"E. L. Shock and W. B. McKinnon (1993) Icarus 106, 464-477",2006-09-01
HCN,HCN,28600.0,25600.0,29.8,8.0083,11.7705,1.1286,-3.2655,28.9941,5.256,-0.1113,0.0,SM93,"E. L. Shock and W. B. McKinnon (1993) Icarus 106, 464-477",1993-06-04
urea,H2NCONH2,-48720.0,-76100.0,42.3,7.7158,7.3031,10.9353,-3.0808,23.584,-2.6343,-0.3006,0.0,SM93,"E. L. Shock and W. B. McKinnon (1993) Icarus 106, 464-477",1990-08-05
formaldehyde,HCHO,-26130.0,-33890.0,31.09,5.3113,5.3139,3.3901,-2.9986,18.9581,-3.4097,-0.3984,0.0,SS93,"M. D. Schulte and E. L. Shock (1993) Geochim. Cosmochim. Acta 57, 3835-3846; E. L. Shock et al. (2016) slop16.dat computer data file",1998-06-02
acetaldehyde,CH3CHO,-33470.0,-50380.0,33.0,7.6203,10.5479,2.1995,-3.215,34.5782,-1.5128,-0.3686,0.0,SS93,"M. D. Schulte and E. L. Shock (1993) Geochim. Cosmochim. Acta 57, 3835-3846",1993-01-14
propanal,CH3CH2CHO,-32730.0,-57360.0,39.7,9.7974,15.4784,1.088,-3.4188,51.9312,0.5817,-0.3242,0.0,SS93,"M. D. Schulte and E. L. Shock (1993) Geochim. Cosmochim. Acta 57, 3835-3846",1993-01-14
butanal,CH3(CH2)2CHO,-28720.0,-61070.0,46.6,11.9745,20.4152,-0.0393,-3.6229,69.2842,2.6762,-0.2798,0.0,SS93,"M. D. Schulte and E. L. Shock (1993) Geochim. Cosmochim. Acta 57, 3835-3846",1993-01-14
pentanal,CH3(CH2)3CHO,-27020.0,-67100.0,53.1,14.1516,25.3457,-1.1508,-3.8267,86.637,4.7708,-0.2354,0.0,SS93,"M. D. Schulte and E. L. Shock (1993) Geochim. Cosmochim. Acta 57, 3835-3846",1993-01-14
hexanal,CH3(CH2)4CHO,-24850.0,-72650.0,59.8,16.3287,30.2824,-2.2778,-4.0308,103.9898,6.8654,-0.1909,0.0,SS93,"M. D. Schulte and E. L. Shock (1993) Geochim. Cosmochim. Acta 57, 3835-3846",1993-01-14
heptanal,CH3(CH2)5CHO,-21490.0,-77010.0,66.5,18.5058,35.2192,-3.4052,-4.2349,121.3428,8.9599,-0.1465,0.0,SS93,"M. D. Schulte and E. L. Shock (1993) Geochim. Cosmochim. Acta 57, 3835-3846",1993-01-14
octanal,CH3(CH2)6CHO,-20310.0,-83550.0,73.2,20.6828,40.1499,-4.5165,-4.4387,138.6956,11.0545,-0.1021,0.0,SS93,"M. D. Schulte and E. L. Shock (1993) Geochim. Cosmochim. Acta 57, 3835-3846",1993-01-14
nonanal,CH3(CH2)7CHO,-18100.0,-89060.0,79.9,22.8599,45.0867,-5.6439,-4.6428,156.0486,13.149,-0.0577,0.0,SS93,"M. D. Schulte and E. L. Shock (1993) Geochim. Cosmochim. Acta 57, 3835-3846",1993-01-14
decanal,CH3(CH2)8CHO,-16600.0,-95290.0,86.6,25.037,50.0234,-6.7709,-4.8469,173.4014,15.2436,-0.0133,0.0,SS93,"M. D. Schulte and E. L. Shock (1993) Geochim. Cosmochim. Acta 57, 3835-3846",1993-01-14
formic acid,H2CO2,-88982.0,-101680.0,38.9,6.3957,7.7713,2.8318,-3.1002,26.1,-3.1,-0.33,0.0,Sho95,"E. L. Shock (1995) Am. J. Sci. 295, 496-580",1992-06-17
acetic acid,C2H4O2,-94760.0,-116100.0,42.7,11.6198,5.218,2.5088,-2.9946,42.076,-1.5417,-0.15,0.0,Sho95,"E. L. Shock (1995) Am. J. Sci. 295, 496-580",1992-03-06
propanoic acid,C3H6O2,-93450.0,-122470.0,49.4,11.0057,18.7077,-0.7792,-3.5523,62.97,-1.19,-0.15,0.0,Sho95,"E. L. Shock (1995) Am. J. Sci. 295, 496-580",1992-03-06
n-butanoic acid,C4H8O2,-91210.0,-127950.0,56.1,13.2702,23.3487,-0.6985,-3.7441,72.4342,2.9924,-0.2155,0.0,Sho95,"E. L. Shock (1995) Am. J. Sci. 295, 496-580",1992-03-06
n-pentanoic acid,C5H10O2,-89240.0,-133690.0,62.8,15.4596,28.3156,-1.8374,-3.9495,91.0659,5.245,-0.171,0.0,Sho95,"E. L. Shock (1995) Am. J. Sci. 295, 496-580",1992-03-06
n-hexanoic acid,C6H12O2,-87120.0,-139290.0,69.5,17.6709,33.3251,-2.97,-4.1566,108.8183,7.389,-0.1266,0.0,Sho95,"E. L. Shock (1995) Am. J. Sci. 295, 496-580",1992-03-06
n-heptanoic acid,C7H14O2,-85200.0,-145080.0,76.2,19.7454,38.0251,-4.0341,-4.3509,126.1711,9.4836,-0.0822,0.0,Sho95,"E. L. Shock (1995) Am. J. Sci. 295, 496-580",1992-06-17
n-octanoic acid,C8H16O2,-83450.0,-151050.0,82.9,21.9224,42.9621,-5.1613,-4.555,143.5241,11.5781,-0.0378,0.0,Sho95,"E. L. Shock (1995) Am. J. Sci. 295, 496-580",1992-03-06
n-nonanoic acid,C9H18O2,-81220.0,-156530.0,89.6,24.0995,47.8926,-6.2728,-4.7588,160.8768,13.6727,0.0066,0.0,Sho95,"E. L. Shock (1995) Am. J. Sci. 295, 496-580",1992-02-28
n-decanoic acid,C10H20O2,-79170.0,-162200.0,96.3,26.2766,52.8294,-7.4002,-4.9629,178.2298,15.7672,0.051,0.0,Sho95,"E. L. Shock (1995) Am. J. Sci. 295, 496-580",1992-02-28
n-undecanoic acid,C11H22O2,-77130.0,-167870.0,103.0,28.4537,57.7661,-8.5272,-5.167,195.5826,17.8618,0.0955,0.0,Sho95,"E. L. Shock (1995) Am. J. Sci. 295, 496-580",1992-06-17
n-dodecanoic acid,C12H24O2,-75080.0,-173540.0,109.7,30.6308,62.6966,-9.6387,-5.3708,212.9354,19.9564,0.1399,0.0,Sho95,"E. L. Shock (1995) Am. J. Sci. 295, 496-580",1992-02-28
n-benzoic acid,C7H6O2,-56130.0,-85070.0,55.1,15.2056,27.7392,-1.7049,-3.9256,79.1665,3.8322,-0.2221,0.0,Sho95,"E. L. Shock (1995) Am. J. Sci. 295, 496-580",1992-02-28
o-toluic acid,C8H8O2,-54770.0,-92640.0,57.9,16.9949,31.7947,-2.6262,-4.0933,102.8349,6.7369,-0.2035,0.0,Sho95,"E. L. Shock (1995) Am. J. Sci. 295, 496-580",1992-06-17
m-toluic acid,C8H8O2,-57960.0,-95450.0,59.3,16.9981,31.7988,-2.6205,-4.0935,105.7976,7.0926,-0.1942,0.0,Sho95,"E. L. Shock (1995) Am. J. Sci. 295, 496-580",1992-02-28
p-toluic acid,C8H8O2,-58440.0,-96190.0,58.3,16.9958,31.7924,-2.6157,-4.0932,91.1907,5.2944,-0.2009,0.0,Sho95,"E. L. Shock (1995) Am. J. Sci. 295, 496-580",1992-06-17
oxalic acid,C2H2O4,-168640.0,-194580.0,44.0,8.4291,12.3793,1.7866,-3.2907,25.4994,-2.7181,-0.2957,0.0,Sho95,"E. L. Shock (1995) Am. J. Sci. 295, 496-580",1992-02-28
malonic acid,C3H4O4,-175420.0,-207870.0,55.7,10.8349,17.834,0.5436,-3.5162,38.762,-1.167,-0.2181,0.0,Sho95,"E. L. Shock (1995) Am. J. Sci. 295, 496-580",1992-02-28
succinic acid,C4H6O4,-177800.0,-218000.0,62.3,12.9872,22.7109,-0.5623,-3.7178,51.074,0.305,-0.1744,0.0,Sho95,"E. L. Shock (1995) Am. J. Sci. 295, 496-580",1992-02-28
glutaric acid,C5H8O4,-176780.0,-223440.0,73.2,15.2749,27.8946,-1.7361,-3.9321,60.3712,1.3721,-0.1021,0.0,Sho95,"E. L. Shock (1995) Am. J. Sci. 295, 496-580",1992-02-28
adipic acid,C6H10O4,-175740.0,-229750.0,81.3,17.5058,32.9525,-2.8895,-4.1412,73.6536,2.9529,-0.0484,0.0,Sho95,"E. L. Shock (1995) Am. J. Sci. 295, 496-580; E. L. Shock et al. (2016) slop16.dat computer data file",1998-06-02
pimelic acid,C7H12O4,-172380.0,-233720.0,89.1,19.8194,38.1932,-4.0727,-4.3578,88.4361,4.7214,0.0033,0.0,Sho95,"E. L. Shock (1995) Am. J. Sci. 295, 496-580",1998-06-02
suberic acid,C8H14O4,-168490.0,-237760.0,95.1,21.7582,42.5872,-5.0703,-4.5395,108.4636,7.1519,0.0431,0.0,Sho95,"E. L. Shock (1995) Am. J. Sci. 295, 496-580",1992-06-16
azelaic acid,C9H16O4,-163660.0,-240700.0,101.6,23.9348,47.5253,-6.2031,-4.7436,125.8045,9.2464,0.0862,0.0,Sho95,"E. L. Shock (1995) Am. J. Sci. 295, 496-580",1992-06-16
sebacic acid,C10H18O4,-161240.0,-246000.0,108.3,26.1119,52.4558,-7.3146,-4.9474,143.1573,11.341,0.1306,0.0,Sho95,"E. L. Shock (1995) Am. J. Sci. 295, 496-580",1992-06-16
formate,HCO2-,-83862.0,-101680.0,21.7,5.7842,4.7242,7.363,-2.9742,17.0,-12.4,1.3003,-1.0,Sho95,"E. L. Shock (1995) Am. J. Sci. 295, 496-580",1992-02-28
acetate,C2H3O2-,-88270.0,-116160.0,20.6,7.7525,8.6996,7.5825,-3.1385,26.3,-3.86,1.3182,-1.0,Sho95,"E. L. Shock (1995) Am. J. Sci. 295, 496-580",1992-02-28
propanoate,C3H5O2-,-86780.0,-122630.0,26.5,9.6992,12.1344,9.0612,-3.2805,52.3,-4.2,1.2276,-1.0,Sho95,"E. L. Shock (1995) Am. J. Sci. 295, 496-580",1992-02-28
n-butanoate,C4H7O2-,-84650.0,-128630.0,31.8,11.7724,17.0492,7.4458,-3.4837,62.3135,-3.5666,1.1469,-1.0,Sho95,"E. L. Shock (1995) Am. J. Sci. 295, 496-580",1992-06-17
n-pentanoate,C5H9O2-,-82630.0,-134380.0,38.3,13.9304,24.8456,-1.0403,-3.806,86.5816,-3.2539,1.0496,-1.0,Sho95,"E. L. Shock (1995) Am. J. Sci. 295, 496-580",1992-06-17
n-hexanoate,C6H11O2-,-80490.0,-139870.0,45.3,16.07,29.6995,-2.153,-4.0067,104.8115,-3.0151,0.9427,-1.0,Sho95,"E. L. Shock (1995) Am. J. Sci. 295, 496-580",1992-02-28
n-heptanoate,C7H13O2-,-78525.0,-145620.0,52.0,18.0474,33.1726,-0.6108,-4.1503,124.5591,-2.7582,0.8417,-1.0,Sho95,"E. L. Shock (1995) Am. J. Sci. 295, 496-580",1992-02-28
n-octanoate,C8H15O2-,-76770.0,-151580.0,58.7,20.3271,39.3469,-4.3421,-4.4055,140.0102,-2.5545,0.7402,-1.0,Sho95,"E. L. Shock (1995) Am. J. Sci. 295, 496-580; E. L. Shock et al. (2016) slop16.dat computer data file",1998-06-02
n-nonanoate,C9H17O2-,-74770.0,-156990.0,65.4,22.3974,44.0392,-5.4082,-4.5995,164.0445,-2.2443,0.6387,-1.0,Sho95,"E. L. Shock (1995) Am. J. Sci. 295, 496-580",1992-02-28
n-decanoate,C10H19O2-,-72460.0,-162700.0,72.1,24.5511,48.6514,-5.8334,-4.7901,181.64,-1.81,0.5372,-1.0,Sho95,"E. L. Shock (1995) Am. J. Sci. 295, 496-580",1992-02-28
n-undecanoate,C11H21O2-,-70410.0,-168370.0,78.8,26.6529,53.6845,-7.5999,-4.9982,203.5298,-1.7304,0.4356,-1.0,Sho95,"E. L. Shock (1995) Am. J. Sci. 295, 496-580",1992-02-28
n-dodecanoate,C12H23O2-,-68370.0,-174040.0,85.5,28.7122,58.3495,-8.6541,-5.1911,217.0287,-1.551,0.334,-1.0,Sho95,"E. L. Shock (1995) Am. J. Sci. 295, 496-580; E. L. Shock et al. (2016) slop16.dat computer data file",1998-06-02
benzoate,C7H5O2-,-50400.0,-84990.0,36.2,14.0396,25.0153,-0.8986,-3.813,68.449,-3.4828,1.0813,-1.0,Sho95,"E. L. Shock (1995) Am. J. Sci. 295, 496-580",1992-06-17
o-toluate,C8H7O2-,-49440.0,-94070.0,35.1,15.8364,29.1695,-2.0312,-3.9848,103.704,-3.0466,1.0977,-1.0,Sho95,"E. L. Shock (1995) Am. J. Sci. 295, 496-580",1992-02-28
m-toluate,C8H7O2-,-52150.0,-95350.0,39.9,15.8115,29.1099,-2.01,-3.9823,96.2963,-3.1302,1.0242,-1.0,Sho95,"E. L. Shock (1995) Am. J. Sci. 295, 496-580",1992-02-28
p-toluate,C8H7O2-,-52480.0,-96160.0,38.3,15.8201,29.1311,-2.0189,-3.9832,81.8997,-3.312,1.0496,-1.0,Sho95,"E. L. Shock (1995) Am. J. Sci. 295, 496-580",1992-02-28
H-oxalate,C2HO4-,-166907.0,-195600.0,36.0,7.9276,11.2406,2.05,-3.2436,6.5915,-6.3548,1.0831,-1.0,Sho95,"E. L. Shock (1995) Am. J. Sci. 295, 496-580",1992-06-17
H-malonate,C3H3O4-,-171530.0,-207850.0,42.7,9.9065,15.7293,1.0227,-3.4291,11.9343,-4.1738,0.9826,-1.0,Sho95,"E. L. Shock (1995) Am. J. Sci. 295, 496-580",1992-06-16
H-succinate,C4H5O4-,-172060.0,-217350.0,45.2,11.6617,19.7057,0.1226,-3.5935,26.117,-3.9932,0.9446,-1.0,Sho95,"E. L. Shock (1995) Am. J. Sci. 295, 496-580",1992-06-16
H-glutarate,C5H7O4-,-170860.0,-223570.0,52.9,13.7966,24.547,-0.9823,-3.7937,35.5763,-3.8623,0.8279,-1.0,Sho95,"E. L. Shock (1995) Am. J. Sci. 295, 496-580",1992-06-17
H-adipate,C6H9O4-,-166770.0,-227130.0,59.8,15.9795,29.4936,-2.1047,-3.9982,50.218,-3.6684,0.7234,-1.0,Sho95,"E. L. Shock (1995) Am. J. Sci. 295, 496-580",1992-06-17
H-pimelate,C7H11O4-,-166260.0,-234040.0,67.5,18.0762,34.2416,-3.1742,-4.1944,66.6044,-3.4514,0.6069,-1.0,Sho95,"E. L. Shock (1995) Am. J. Sci. 295, 496-580",1992-06-17
H-suberate,C8H13O4-,-162340.0,-238130.0,73.2,20.168,38.9836,-4.253,-4.3905,89.8033,-3.1533,0.5205,-1.0,Sho95,"E. L. Shock (1995) Am. J. Sci. 295, 496-580",1992-06-17
H-azelate,C9H15O4-,-157490.0,-240970.0,80.0,22.2952,43.8077,-5.3553,-4.5899,109.5312,-2.8963,0.4174,-1.0,Sho95,"E. L. Shock (1995) Am. J. Sci. 295, 496-580",1992-06-17
H-sebacate,C10H17O4-,-155040.0,-246230.0,86.7,24.423,48.6302,-6.4512,-4.7893,129.2733,-2.6394,0.3158,-1.0,Sho95,"E. L. Shock (1995) Am. J. Sci. 295, 496-580",1992-06-16
oxalate-2,C2O4-2,-161100.0,-197200.0,10.9,6.9414,9.6716,0.8669,-3.1787,-10.7618,-18.6787,3.048,-2.0,Sho95,"E. L. Shock (1995) Am. J. Sci. 295, 496-580",1992-06-17
malonate-2,C3H2O4-2,-163760.0,-209000.0,12.8,8.0442,11.503,1.9943,-3.2544,-27.6299,-4.8985,3.0192,-2.0,Sho95,"E. L. Shock (1995) Am. J. Sci. 295, 496-580",1992-06-17
succinate-2,C4H4O4-2,-164380.0,-217350.0,19.5,10.4577,15.8622,3.5716,-3.4346,-14.0383,-4.718,2.917,-2.0,Sho95,"E. L. Shock (1995) Am. J. Sci. 295, 496-580",1992-06-17
glutarate-2,C5H6O4-2,-163470.0,-224140.0,26.2,12.5965,21.8248,-0.3592,-3.6811,-4.436,-4.5871,2.8159,-2.0,Sho95,"E. L. Shock (1995) Am. J. Sci. 295, 496-580",1992-06-16
adipate-2,C6H8O4-2,-159390.0,-227780.0,32.9,14.7868,26.7894,-1.4877,-3.8864,10.2229,-4.3931,2.7131,-2.0,Sho95,"E. L. Shock (1995) Am. J. Sci. 295, 496-580",1992-06-16
pimelate-2,C7H10O4-2,-158860.0,-234960.0,39.6,16.8882,31.5501,-2.5641,-4.0832,26.7751,-4.1762,2.6147,-2.0,Sho95,"E. L. Shock (1995) Am. J. Sci. 295, 496-580",1992-06-16
suberate-2,C8H12O4-2,-154970.0,-238780.0,46.3,19.0114,36.3659,-3.6667,-4.2823,49.8209,-3.878,2.5118,-2.0,Sho95,"E. L. Shock (1995) Am. J. Sci. 295, 496-580",1992-06-16
azelate-2,C9H14O4-2,-150130.0,-241660.0,53.0,21.1627,41.2392,-4.7685,-4.4837,69.5701,-3.6211,2.411,-2.0,Sho95,"E. L. Shock (1995) Am. J. Sci. 295, 496-580",1992-06-16
sebacate-2,C10H16O4-2,-147640.0,-246880.0,59.7,23.2262,45.9181,-5.8361,-4.6772,89.3135,-3.3642,2.3095,-2.0,Sho95,"E. L. Shock (1995) Am. J. Sci. 295, 496-580",1992-06-16
glycolic acid,C2H4O3,-126400.0,-154890.0,43.1,8.7445,12.1496,4.0222,-3.2812,43.6669,-0.4655,-0.3017,0.0,Sho95,"E. L. Shock (1995) Am. J. Sci. 295, 496-580",1992-06-16
lactic acid,C3H6O3,-127800.0,-164000.0,49.8,11.172,17.2432,3.8083,-3.4917,61.0199,1.629,-0.2572,0.0,Sho95,"E. L. Shock (1995) Am. J. Sci. 295, 496-580",1992-06-16
2-hydroxybutanoic acid,C4H8O3,-125750.0,-169670.0,56.5,13.3861,22.2951,2.5821,-3.7006,78.3729,3.7235,-0.2128,0.0,Sho95,"E. L. Shock (1995) Am. J. Sci. 295, 496-580",1992-06-16
2-hydroxypentanoic acid,C5H10O3,-123700.0,-175340.0,63.2,15.4564,27.0371,1.3904,-3.8966,95.7257,5.8181,-0.1684,0.0,Sho95,"E. L. Shock (1995) Am. J. Sci. 295, 496-580",1992-06-16
2-hydroxyhexanoic acid,C6H12O3,-121650.0,-181010.0,69.9,17.769,33.3994,-2.6456,-4.1596,113.0787,7.9126,-0.124,0.0,Sho95,"E. L. Shock (1995) Am. J. Sci. 295, 496-580",1992-06-16
2-hydroxyheptanoic acid,C7H14O3,-119600.0,-186680.0,76.6,19.8147,38.1868,-4.0817,-4.3375,130.4315,10.0072,-0.0795,0.0,Sho95,"E. L. Shock (1995) Am. J. Sci. 295, 496-580",1992-06-17
2-hydroxyoctanoic acid,C8H16O3,-117550.0,-192350.0,83.3,21.9918,43.1173,-5.1928,-4.5614,147.7843,12.1018,-0.0351,0.0,Sho95,"E. L. Shock (1995) Am. J. Sci. 295, 496-580",1992-06-16
2-hydroxynonanoic acid,C9H18O3,-115520.0,-198020.0,90.0,24.1688,48.0543,-6.32,-4.7655,165.1372,14.1963,0.0093,0.0,Sho95,"E. L. Shock (1995) Am. J. Sci. 295, 496-580",1992-06-16
2-hydroxydecanoic acid,C10H20O3,-113480.0,-203690.0,96.7,26.3459,52.9848,-7.4315,-4.9693,182.49,16.2909,0.0537,0.0,Sho95,"E. L. Shock (1995) Am. J. Sci. 295, 496-580",1992-06-16
glycolate,C2H3O3-,-121170.0,-154700.0,26.2,7.6349,11.057,0.9834,-3.236,26.0463,-4.0271,1.2334,-1.0,Sho95,"E. L. Shock (1995) Am. J. Sci. 295, 496-580",1992-06-17
lactate,C3H5O3-,-122530.0,-164070.0,31.9,9.8498,12.8244,8.099,-3.3091,44.9518,-3.7823,1.1469,-1.0,Sho95,"E. L. Shock (1995) Am. J. Sci. 295, 496-580",1992-06-17
2-hydroxybutanoate,C4H7O3-,-120550.0,-169810.0,38.6,11.9172,20.272,0.0242,-3.6169,64.6903,-3.5254,1.0449,-1.0,Sho95,"E. L. Shock (1995) Am. J. Sci. 295, 496-580",1992-06-17
2-hydroxypentanoate,C5H9O3-,-118800.0,-175770.0,45.3,13.949,24.1569,0.805,-3.7775,84.4263,-3.2684,0.9427,-1.0,Sho95,"E. L. Shock (1995) Am. J. Sci. 295, 496-580",1992-06-17
2-hydroxyhexanoate,C6H11O3-,-116550.0,-181240.0,52.0,16.1891,30.4279,-3.3776,-4.0368,104.1738,-3.0115,0.8417,-1.0,Sho95,"E. L. Shock (1995) Am. J. Sci. 295, 496-580",1992-06-16
2-hydroxyheptanoate,C7H13O3-,-114500.0,-186900.0,58.7,18.2444,34.6247,-3.2651,-4.2103,123.9167,-2.7545,0.7402,-1.0,Sho95,"E. L. Shock (1995) Am. J. Sci. 295, 496-580",1992-06-16
2-hydroxyoctanoate,C8H15O3-,-112450.0,-192570.0,65.4,20.3721,39.4474,-4.3607,-4.4097,143.6592,-2.4976,0.6387,-1.0,Sho95,"E. L. Shock (1995) Am. J. Sci. 295, 496-580",1992-06-16
2-hydroxynonanoate,C9H17O3-,-110420.0,-198250.0,72.1,22.4999,44.27,-5.4567,-4.609,163.4021,-2.2406,0.5372,-1.0,Sho95,"E. L. Shock (1995) Am. J. Sci. 295, 496-580",1992-06-16
2-hydroxydecanoate,C10H19O3-,-108380.0,-203930.0,78.8,24.6277,49.0925,-6.5525,-4.8084,183.1446,-1.9837,0.4356,-1.0,Sho95,"E. L. Shock (1995) Am. J. Sci. 295, 496-580",1992-06-16
phenol,C6H5OH,-12215.0,-36320.0,45.5,13.4599,23.7816,-0.7952,-3.762,67.7515,2.37,-0.2857,0.0,DSM+97,"J. D. Dale, E. L. Shock et al. (1997) Geochim. Cosmochim. Acta 61, 4017-4024",1997-11-20
o-cresol,C6H4OHCH3,-12725.0,-45081.0,50.4,15.4181,28.2184,-1.8079,-3.9454,89.9089,5.1956,-0.2532,0.0,DSM+97,"J. D. Dale, E. L. Shock et al. (1997) Geochim. Cosmochim. Acta 61, 4017-4024",1996-02-22
m-cresol,C6H4OHCH3,-13890.0,-45560.0,52.7,15.4233,28.2298,-1.8101,-3.9459,88.8505,5.0474,-0.238,0.0,DSM+97,"J. D. Dale, E. L. Shock et al. (1997) Geochim. Cosmochim. Acta 61, 4017-4024",1996-02-22
p-cresol,C6H4OHCH3,-11625.0,-44245.0,49.5,15.4161,28.2174,-1.8159,-3.9454,81.0624,4.1088,-0.2592,0.0,DSM+97,"J. D. Dale, E. L. Shock et al. (1997) Geochim. Cosmochim. Acta 61, 4017-4024",1996-02-22
"2,3-dimethylphenol",C6H3OHCH3CH3,-11005.0,-53849.0,47.8,17.3144,32.5179,-2.7887,-4.1232,105.9743,7.2013,-0.2705,0.0,DSM+97,"J. D. Dale, E. L. Shock et al. (1997) Geochim. Cosmochim. Acta 61, 4017-4024",1997-11-20
"2,4-dimethylphenol",C6H3OHCH3CH3,-13081.0,-52675.0,58.7,17.3388,32.5725,-2.7994,-4.1254,102.4043,6.6776,-0.1982,0.0,DSM+97,"J. D. Dale, E. L. Shock et al. (1997) Geochim. Cosmochim. Acta 61, 4017-4024",1997-11-20
"2,5-dimethylphenol",C6H3OHCH3CH3,-11875.0,-54420.0,48.8,17.3166,32.5246,-2.7936,-4.1235,110.8307,7.7941,-0.2639,0.0,DSM+97,"J. D. Dale, E. L. Shock et al. (1997) Geochim. Cosmochim. Acta 61, 4017-4024",1997-11-20
"2,6-dimethylphenol",C6H3OHCH3CH3,-10973.0,-52445.0,52.4,17.3247,32.5408,-2.793,-4.1241,102.8187,6.7764,-0.24,0.0,DSM+97,"J. D. Dale, E. L. Shock et al. (1997) Geochim. Cosmochim. Acta 61, 4017-4024",1997-11-20
"3,4-dimethylphenol",C6H3OHCH3CH3,-12264.0,-54422.0,50.1,17.3196,32.5292,-2.7906,-4.1237,97.9627,6.1935,-0.2552,0.0,DSM+97,"J. D. Dale, E. L. Shock et al. (1997) Geochim. Cosmochim. Acta 61, 4017-4024",1997-11-20
"3,5-dimethylphenol",C6H3OHCH3CH3,-12459.0,-54945.0,49.0,17.3171,32.5233,-2.7885,-4.1234,104.6091,7.0234,-0.2625,0.0,DSM+97,"J. D. Dale, E. L. Shock et al. (1997) Geochim. Cosmochim. Acta 61, 4017-4024",1997-11-20
cyclohexane,C6H12,10780.0,-37400.0,34.0,39.67,-4.3,-120.7,2.39,90.82,18.64,-0.39,0.0,PS01,"A. V. Plyasunov and E. L. Shock (2001) Geochim. Cosmochim. Acta 65, 3879-3900",2011-02-19
benzene,C6H6,32010.0,12220.0,35.6,36.09,-15.77,-115.92,10.76,66.92,9.8,-0.25,0.0,PS01,"A. V. Plyasunov and E. L. Shock (2001) Geochim. Cosmochim. Acta 65, 3879-3900",2000-10-04
perchloroethylene,C2Cl4,7483.0,-12995.0,40.7,14.1804,26.8436,-4.8012,-3.8886,98.5546,29.5574,-0.15,0.0,HS99,"J. R. Haas and E. L. Shock (1998) Geochim. Cosmochim. Acta 63, 3429-3441",2012-05-01
trichloroethylene,C2HCl3,6061.0,-11852.0,38.26,12.8394,23.5678,-3.5109,-3.7532,83.9031,24.4649,-0.15,0.0,HS99,"J. R. Haas and E. L. Shock (1998) Geochim. Cosmochim. Acta 63, 3429-3441",2012-05-01
"1,1-dichloroethylene",C2H2Cl2,7726.0,-6739.0,38.78,11.0468,19.1914,-1.7922,-3.5723,60.4606,16.3169,-0.15,0.0,HS99,"J. R. Haas and E. L. Shock (1998) Geochim. Cosmochim. Acta 63, 3429-3441",2012-05-01
"cis-1,2-dichloroethylene",C2H2Cl2,6620.0,-7712.0,39.23,11.0468,19.1914,-1.7922,-3.5723,60.4606,16.3169,-0.15,0.0,HS99,"J. R. Haas and E. L. Shock (1998) Geochim. Cosmochim. Acta 63, 3429-3441",2012-05-01
"trans-1,2-dichloroethylene",C2H2Cl2,7700.0,-6950.0,38.16,11.0468,19.1914,-1.7922,-3.5723,60.4606,16.3169,-0.15,0.0,HS99,"J. R. Haas and E. L. Shock (1998) Geochim. Cosmochim. Acta 63, 3429-3441",2012-05-01
vinyl chloride,C2H3Cl,12785.0,-4551.0,18.11,9.35,15.0507,-0.1702,-3.4011,31.1575,6.1319,-0.15,0.0,HS99,"J. R. Haas and E. L. Shock (1998) Geochim. Cosmochim. Acta 63, 3429-3441",2012-05-01
methanethiol,CH3SH,-1840.0,-11650.0,38.6,8.5523,23.51,-25.8188,-3.7509,62.0673,-5.5753,-0.8704,0.0,SR04,"M. D. Schulte and K. L. Rogers (2004) Geochim. Cosmochim. Acta 68, 1087-1097",2006-08-25
ethanethiol,C2H5SH,-1100.0,-17820.0,45.5,10.7143,28.3927,-26.8467,-3.9528,80.0173,-3.8792,-0.8543,0.0,SR04,"M. D. Schulte and K. L. Rogers (2004) Geochim. Cosmochim. Acta 68, 1087-1097",2006-08-25
n-propanethiol,C3H7SH,1380.0,-23320.0,53.9,12.8901,33.3639,-28.1086,-4.1583,97.9674,-2.2323,-0.8382,0.0,SR04,"M. D. Schulte and K. L. Rogers (2004) Geochim. Cosmochim. Acta 68, 1087-1097",2006-08-25
n-butanethiol,C4H9SH,3560.0,-28630.0,61.3,15.0522,38.2464,-29.177,-4.3601,115.9174,0.5357,-0.822,0.0,SR04,"M. D. Schulte and K. L. Rogers (2004) Geochim. Cosmochim. Acta 68, 1087-1097",2006-08-25
n-pentanethiol,C5H11SH,6150.0,-34530.0,66.6,17.2279,43.1557,-30.2409,-4.5631,133.8675,1.1112,-0.8059,0.0,SR04,"M. D. Schulte and K. L. Rogers (2004) Geochim. Cosmochim. Acta 68, 1087-1097",2006-08-25
n-hexanethiol,C6H13SH,7930.0,-40200.0,73.3,19.39,48.1004,-31.4671,-4.7675,151.8175,2.8073,-0.7898,0.0,SR04,"M. D. Schulte and K. L. Rogers (2004) Geochim. Cosmochim. Acta 68, 1087-1097",2006-08-25
n-heptanethiol,C7H15SH,9980.0,-45870.0,80.0,21.5657,53.0097,-32.5313,-4.9704,169.7675,4.4542,-0.7737,0.0,SR04,"M. D. Schulte and K. L. Rogers (2004) Geochim. Cosmochim. Acta 68, 1087-1097",2006-08-25
n-octanethiol,C8H17SH,12030.0,-51540.0,86.7,23.7278,57.8922,-33.5994,-5.1723,187.7176,6.1503,-0.7576,0.0,SR04,"M. D. Schulte and K. L. Rogers (2004) Geochim. Cosmochim. Acta 68, 1087-1097",2006-08-25
n-nonanethiol,C9H19SH,14080.0,-57210.0,93.4,25.8899,62.8369,-34.8256,-5.3767,205.6676,7.7972,-0.7415,0.0,SR04,"M. D. Schulte and K. L. Rogers (2004) Geochim. Cosmochim. Acta 68, 1087-1097",2006-08-25
n-decanethiol,C10H21SH,16130.0,-62880.0,100.1,28.0656,67.7462,-35.8899,-5.5796,223.6177,9.4938,-0.7253,0.0,SR04,"M. D. Schulte and K. L. Rogers (2004) Geochim. Cosmochim. Acta 68, 1087-1097",2006-08-25
n-undecanethiol,C11H23SH,18180.0,-68550.0,106.8,30.2277,72.6287,-36.9579,-5.7815,241.5677,11.1407,-0.7092,0.0,SR04,"M. D. Schulte and K. L. Rogers (2004) Geochim. Cosmochim. Acta 68, 1087-1097",2006-08-25
n-dodecanethiol,C12H25SH,20230.0,-74220.0,113.5,32.4035,77.5999,-38.1798,-5.987,259.5177,12.8368,-0.6931,0.0,SR04,"M. D. Schulte and K. L. Rogers (2004) Geochim. Cosmochim. Acta 68, 1087-1097",2006-08-25
adenine,C5H5N5,74770.0,31235.0,53.41,23.53,0.0,-17.75,0.0,48.54,-3.318,-1.093,0.0,LH06a,"D. E. LaRowe and H. C. Helgeson (2006) Geochim. Cosmochim. Acta 70, 4680-4724; A. R. Lowe, J. S. Cox and P. R. Tremaine (2017) J. Chem. Thermodynamics 112, 129-145",2017-07-26
guanine,C5H5N5O,16702.0,-34803.0,51.19,23.298,7.4602,-5.4837,-3.4136,90.14,-15.87,0.23,0.0,LH06a,"D. E. LaRowe and H. C. Helgeson (2006) Geochim. Cosmochim. Acta 70, 4680-4724",2017-03-03
cytosine,C4H5N3O,-8411.0,-46915.0,47.64,17.3106,5.8612,6.6034,-5.2201,70.51,-13.36,0.17,0.0,LH06a,"D. E. LaRowe and H. C. Helgeson (2006) Geochim. Cosmochim. Acta 70, 4680-4724",2003-02-03
thymine,C5H6N2O2,-61315.0,-104969.0,48.96,21.2655,7.2705,-1.0309,-5.0944,83.2,-12.39,0.12,0.0,LH06a,"D. E. LaRowe and H. C. Helgeson (2006) Geochim. Cosmochim. Acta 70, 4680-4724",2003-02-03
uracil,C4H4N2O2,-59734.0,-94587.0,45.88,17.5038,5.9312,-1.6074,-4.3091,56.57,-9.4,0.14,0.0,LH06a,"D. E. LaRowe and H. C. Helgeson (2006) Geochim. Cosmochim. Acta 70, 4680-4724",2003-02-03
ribose,C5H10O5,-179739.0,-247132.0,59.53,22.6455,7.293,-5.3875,-3.4054,134.7,-32.82,0.17,0.0,LH06a,"D. E. LaRowe and H. C. Helgeson (2006) Geochim. Cosmochim. Acta 70, 4680-4724",2003-02-03
deoxyribose,C5H10O4,-144433.0,-205037.0,57.82,22.537,7.2652,-5.3715,-3.404,124.4,-32.82,0.17,0.0,LH06a,"D. E. LaRowe and H. C. Helgeson (2006) Geochim. Cosmochim. Acta 70, 4680-4724",2003-02-03
adenosine,C10H13N5O4,-46499.0,-148490.0,87.19,39.5452,12.901,8.9651,-8.8169,163.2,-20.1,0.23,0.0,LH06a,"D. E. LaRowe and H. C. Helgeson (2006) Geochim. Cosmochim. Acta 70, 4680-4724",2003-02-03
cytidine,C9H13N3O5,-130179.0,-226640.0,83.09,36.3116,7.996,7.5934,-6.5938,132.6,-16.3,0.34,0.0,LH06a,"D. E. LaRowe and H. C. Helgeson (2006) Geochim. Cosmochim. Acta 70, 4680-4724",2003-02-03
guanosine,C10H13N5O5,-105568.0,-214528.0,88.33,42.2627,8.3757,-2.4562,-5.8937,169.3,-20.1,0.39,0.0,LH06a,"D. E. LaRowe and H. C. Helgeson (2006) Geochim. Cosmochim. Acta 70, 4680-4724",2003-02-03
thymidine,C10H14N2O6,-183083.0,-284694.0,84.42,38.1602,10.959,12.395,-7.1879,143.4,-14.9,0.29,0.0,LH06a,"D. E. LaRowe and H. C. Helgeson (2006) Geochim. Cosmochim. Acta 70, 4680-4724",2003-02-03
uridine,C9H12N2O6,-181502.0,-274312.0,81.34,36.1528,7.091,5.1259,-5.6836,131.8,-16.65,0.31,0.0,LH06a,"D. E. LaRowe and H. C. Helgeson (2006) Geochim. Cosmochim. Acta 70, 4680-4724",2003-02-03
deoxyadenosine,C10H13N5O3,-11193.0,-106386.0,85.48,38.0314,16.957,15.1636,-10.834,154.2,-20.1,0.23,0.0,LH06a,"D. E. LaRowe and H. C. Helgeson (2006) Geochim. Cosmochim. Acta 70, 4680-4724",2003-02-03
deoxycytidine,C9H13N3O4,-96652.0,-184534.0,87.35,35.8171,9.7174,7.4022,-6.5327,123.5,-16.3,0.34,0.0,LH06a,"D. E. LaRowe and H. C. Helgeson (2006) Geochim. Cosmochim. Acta 70, 4680-4724",2006-09-24
deoxyguanosine,C10H13N5O4,-71539.0,-176273.0,77.99,39.4526,15.498,14.2847,-10.569,160.3,-20.1,0.39,0.0,LH06a,"D. E. LaRowe and H. C. Helgeson (2006) Geochim. Cosmochim. Acta 70, 4680-4724",2003-02-03
deoxythymidine,C10H14N2O5,-149556.0,-242588.0,88.68,38.8728,11.451,-7.7797,-3.6098,134.4,-14.9,0.29,0.0,LH06a,"D. E. LaRowe and H. C. Helgeson (2006) Geochim. Cosmochim. Acta 70, 4680-4724",2003-02-03
deoxyuridine,C9H12N2O5,-147975.0,-232206.0,85.59,35.5945,9.6188,3.5015,-6.2803,122.8,-16.65,0.31,0.0,LH06a,"D. E. LaRowe and H. C. Helgeson (2006) Geochim. Cosmochim. Acta 70, 4680-4724",2003-02-03
AMP-2,C10H12N5O7P-2,-247417.0,-389148.0,52.89,2.3198,108.81,-18.734,-1.7194,130.2,-19.82,3.1,-2.0,LH06a,"D. E. LaRowe and H. C. Helgeson (2006) Geochim. Cosmochim. Acta 70, 4680-4724",2017-03-08
HAMP-,C10H13N5O7P-,-255617.0,-388308.0,83.21,2.4065,126.25,-19.139,-2.4403,188.0,-22.3,3.1,-1.0,LH06a,"D. E. LaRowe and H. C. Helgeson (2006) Geochim. Cosmochim. Acta 70, 4680-4724",2017-03-08
H2AMP,C10H14N5O7P,-260817.0,-392608.0,86.23,2.3993,124.81,-19.105,-2.3806,181.6,-19.1,2.5,0.0,LH06a,"D. E. LaRowe and H. C. Helgeson (2006) Geochim. Cosmochim. Acta 70, 4680-4724",2017-03-08
CMP-2,C9H12N3O8P-2,-331097.0,-467460.0,48.24,2.2606,96.923,-18.459,-1.2278,101.1,-16.4,3.3,-2.0,LH06a,"D. E. LaRowe and H. C. Helgeson (2006) Geochim. Cosmochim. Acta 70, 4680-4724",2017-03-08
HCMP-,C9H13N3O8P1-,-340147.0,-466110.0,83.09,2.3474,114.36,-18.863,-1.9487,158.8,-18.76,3.3,-1.0,LH06a,"D. E. LaRowe and H. C. Helgeson (2006) Geochim. Cosmochim. Acta 70, 4680-4724",2017-03-08
H2CMP,C9H14N3O8P,-345337.0,-470410.0,86.11,2.3411,113.1,-18.834,-1.8965,154.1,-16.01,2.8,0.0,LH06a,"D. E. LaRowe and H. C. Helgeson (2006) Geochim. Cosmochim. Acta 70, 4680-4724",2017-03-08
GMP-2,C10H12N5O8P-2,-306486.0,-455676.0,52.39,2.3194,108.74,-18.733,-1.7163,140.8,-21.21,3.5,-2.0,LH06a,"D. E. LaRowe and H. C. Helgeson (2006) Geochim. Cosmochim. Acta 70, 4680-4724",2017-03-08
HGMP-,C10H13N5O8P-,-315586.0,-454226.0,87.77,2.4062,126.18,-19.137,-2.4372,198.5,-23.7,3.5,-1.0,LH06a,"D. E. LaRowe and H. C. Helgeson (2006) Geochim. Cosmochim. Acta 70, 4680-4724",2017-03-08
H2GMP,C10H14N5O8P,-320786.0,-458526.0,90.79,2.399,124.73,-19.104,-2.3774,192.3,-20.7,2.9,0.0,LH06a,"D. E. LaRowe and H. C. Helgeson (2006) Geochim. Cosmochim. Acta 70, 4680-4724",2017-03-08
TMP-2,C10H13N2O9P-2,-384001.0,-525514.0,49.58,2.3042,105.68,-18.662,-1.5896,111.0,-14.76,3.2,-2.0,LH06a,"D. E. LaRowe and H. C. Helgeson (2006) Geochim. Cosmochim. Acta 70, 4680-4724",2017-03-08
HTMP-,C10H14N2O9P-,-393021.0,-524279.0,83.97,2.3909,123.11,-19.066,-2.3105,168.7,-17.1,3.2,-1.0,LH06a,"D. E. LaRowe and H. C. Helgeson (2006) Geochim. Cosmochim. Acta 70, 4680-4724",2017-03-08
H2TMP,C10H15N2O9P,-398221.0,-528579.0,86.99,2.3838,121.67,-19.033,-2.251,162.3,-13.76,2.6,0.0,LH06a,"D. E. LaRowe and H. C. Helgeson (2006) Geochim. Cosmochim. Acta 70, 4680-4724",2017-03-08
UMP-2,C9H11N2O9P-2,-382420.0,-515132.0,46.49,2.2572,96.226,-18.442,-1.199,101.1,-17.15,3.3,-2.0,LH06a,"D. E. LaRowe and H. C. Helgeson (2006) Geochim. Cosmochim. Acta 70, 4680-4724",2017-03-08
HUMP-,C9H12N2O9P-,-391470.0,-514012.0,80.6,2.3439,113.66,-18.847,-1.9199,158.8,-19.52,3.3,-1.0,LH06a,"D. E. LaRowe and H. C. Helgeson (2006) Geochim. Cosmochim. Acta 70, 4680-4724",2017-03-08
H2UMP,C9H13N2O9P,-396670.0,-518312.0,83.62,2.3367,112.22,-18.813,-1.8601,152.5,-16.32,2.7,0.0,LH06a,"D. E. LaRowe and H. C. Helgeson (2006) Geochim. Cosmochim. Acta 70, 4680-4724",2017-03-08
dAMP-2,C10H12N5O6P-2,-212111.0,-347206.0,50.63,2.3166,108.17,-18.72,-1.6929,121.5,-19.8,3.1,-2.0,LH06a,"D. E. LaRowe and H. C. Helgeson (2006) Geochim. Cosmochim. Acta 70, 4680-4724",2017-03-08
dHAMP-,C10H13N5O6P-,-221205.0,-346166.0,84.61,2.4033,125.61,-19.124,-2.4138,179.3,-22.32,3.1,-1.0,LH06a,"D. E. LaRowe and H. C. Helgeson (2006) Geochim. Cosmochim. Acta 70, 4680-4724",2017-03-08
dH2AMP,C10H14N5O6P,-226401.0,-350466.0,87.62,2.3962,124.17,-19.091,-2.3543,172.9,-19.12,2.5,0.0,LH06a,"D. E. LaRowe and H. C. Helgeson (2006) Geochim. Cosmochim. Acta 70, 4680-4724",2017-03-08
dCMP-2,C9H12N3O7P-2,-297270.0,-425354.0,52.5,2.2679,98.389,-18.493,-1.2884,94.34,-17.34,3.4,-2.0,LH06a,"D. E. LaRowe and H. C. Helgeson (2006) Geochim. Cosmochim. Acta 70, 4680-4724",2017-03-08
dHCMP-,C9H13N3O7P-,-306660.0,-424314.0,86.48,2.3547,115.83,-18.987,-2.0093,152.0,-19.74,3.4,-1.0,LH06a,"D. E. LaRowe and H. C. Helgeson (2006) Geochim. Cosmochim. Acta 70, 4680-4724",2007-11-13
dH2CMP,C9H14N3O7P,-311860.0,-428614.0,89.5,2.3475,114.38,-18.864,-1.9495,145.7,-16.54,2.8,0.0,LH06a,"D. E. LaRowe and H. C. Helgeson (2006) Geochim. Cosmochim. Acta 70, 4680-4724",2017-03-08
dGMP-2,C10H12N5O7P-2,-272457.0,-417092.0,43.15,2.3143,107.71,-18.709,-1.6736,131.4,-21.21,3.5,-2.0,LH06a,"D. E. LaRowe and H. C. Helgeson (2006) Geochim. Cosmochim. Acta 70, 4680-4724",2017-03-08
dHGMP-,C10H13N5O7P-,-281547.0,-416052.0,77.13,2.401,125.15,-19.113,-2.3945,189.1,-23.7,3.5,-1.0,LH06a,"D. E. LaRowe and H. C. Helgeson (2006) Geochim. Cosmochim. Acta 70, 4680-4724",2017-03-08
dH2GMP,C10H14N5O7P,-286747.0,-420352.0,80.14,2.3938,123.7,-19.08,-2.3347,182.9,-20.67,2.9,0.0,LH06a,"D. E. LaRowe and H. C. Helgeson (2006) Geochim. Cosmochim. Acta 70, 4680-4724",2017-03-08
dTMP-2,C10H13N2O8P-2,-350474.0,-483408.0,53.83,2.3066,106.17,-18.673,-1.61,102.2,-14.76,3.2,-2.0,LH06a,"D. E. LaRowe and H. C. Helgeson (2006) Geochim. Cosmochim. Acta 70, 4680-4724",2017-03-08
dHTMP-,C10H14N2O8P-,-359564.0,-482368.0,87.81,2.3934,123.61,-19.078,-2.3309,159.9,-17.1,3.2,-1.0,LH06a,"D. E. LaRowe and H. C. Helgeson (2006) Geochim. Cosmochim. Acta 70, 4680-4724",2017-03-08
dH2TMP,C10H15N2O8P,-364764.0,-486668.0,90.83,2.3862,122.17,-19.044,-2.2714,153.5,-13.76,2.6,0.0,LH06a,"D. E. LaRowe and H. C. Helgeson (2006) Geochim. Cosmochim. Acta 70, 4680-4724",2017-03-08
dUMP-2,C9H11N2O8P-2,-348893.0,-473026.0,50.75,2.2549,95.772,-18.432,-1.118,92.27,-17.15,3.3,-2.0,LH06a,"D. E. LaRowe and H. C. Helgeson (2006) Geochim. Cosmochim. Acta 70, 4680-4724",2007-11-13
dHUMP-,C9H12N2O8P-,-357983.0,-471986.0,84.73,2.3417,113.21,-18.836,-1.9011,145.0,-19.55,3.3,-1.0,LH06a,"D. E. LaRowe and H. C. Helgeson (2006) Geochim. Cosmochim. Acta 70, 4680-4724",2007-11-13
dH2UMP,C9H13N2O8P,-363183.0,-476286.0,87.74,2.3345,111.76,-18.803,-1.8413,143.7,-16.35,2.7,0.0,LH06a,"D. E. LaRowe and H. C. Helgeson (2006) Geochim. Cosmochim. Acta 70, 4680-4724",2017-03-08
ADP-3,C10H12N5O10P2-3,-452649.0,-624106.0,52.17,2.4286,130.68,-19.242,-2.6233,128.7,-24.87,4.0,-3.0,LH06a,"D. E. LaRowe and H. C. Helgeson (2006) Geochim. Cosmochim. Acta 70, 4680-4724",2017-03-08
HADP-2,C10H13N5O10P2-2,-462549.0,-623266.0,88.2,2.4633,137.657,-19.403,-2.9117,186.2,-21.65,3.8,-2.0,LH06a,"D. E. LaRowe and H. C. Helgeson (2006) Geochim. Cosmochim. Acta 70, 4680-4724",2017-03-08
H2ADP-,C10H14N5O10P2-,-468249.0,-627666.0,92.56,2.4533,135.665,-19.357,-2.8294,193.1,-14.87,2.9,-1.0,LH06a,"D. E. LaRowe and H. C. Helgeson (2006) Geochim. Cosmochim. Acta 70, 4680-4724",2017-03-08
H3ADP,C10H15N5O10P2,-470749.0,-625106.0,109.53,2.4543,135.848,-19.361,-2.837,204.0,-11.89,1.2,0.0,LH06a,"D. E. LaRowe and H. C. Helgeson (2006) Geochim. Cosmochim. Acta 70, 4680-4724",2017-03-08
CDP-3,C9H12N3O11P2-3,-536329.0,-702338.0,47.8,2.3692,118.752,-18.965,-2.1302,99.37,-21.42,4.1,-3.0,LH06a,"D. E. LaRowe and H. C. Helgeson (2006) Geochim. Cosmochim. Acta 70, 4680-4724",2017-03-08
HCDP-2,C9H13N3O11P2-2,-546119.0,-700998.0,85.13,2.4041,125.762,-19.128,-2.42,157.1,-18.25,4.0,-2.0,LH06a,"D. E. LaRowe and H. C. Helgeson (2006) Geochim. Cosmochim. Acta 70, 4680-4724",2017-03-08
H2CDP-,C9H14N3O11P2-,-551819.0,-705398.0,89.49,2.3942,123.77,-19.081,-2.3376,164.0,-11.48,3.1,-1.0,LH06a,"D. E. LaRowe and H. C. Helgeson (2006) Geochim. Cosmochim. Acta 70, 4680-4724",2017-03-08
H3CDP,C9H15N3O11P2,-554319.0,-702838.0,106.64,2.3951,123.96,-19.086,-2.3255,175.0,-8.545,1.4,0.0,LH06a,"D. E. LaRowe and H. C. Helgeson (2006) Geochim. Cosmochim. Acta 70, 4680-4724",2017-03-08
GDP-3,C10H12N5O11P2-3,-511718.0,-690384.0,52.51,2.4273,130.437,-19.236,-2.6133,137.7,-25.78,4.3,-3.0,LH06a,"D. E. LaRowe and H. C. Helgeson (2006) Geochim. Cosmochim. Acta 70, 4680-4724",2017-03-08
HGDP-2,C10H13N5O11P2-2,-521518.0,-688904.0,90.34,2.4619,137.394,-19.397,-2.9009,195.0,-22.49,4.1,-2.0,LH06a,"D. E. LaRowe and H. C. Helgeson (2006) Geochim. Cosmochim. Acta 70, 4680-4724",2017-03-08
H2GDP-,C10H14N5O11P2-,-527218.0,-693304.0,94.7,2.452,135.402,-19.351,-2.8185,201.8,-15.7,3.2,-1.0,LH06a,"D. E. LaRowe and H. C. Helgeson (2006) Geochim. Cosmochim. Acta 70, 4680-4724",2017-03-08
H3GDP,C10H15N5O11P2,-529718.0,-690744.0,111.68,2.4525,135.5,-19.353,-2.8226,212.0,-12.6,1.4,0.0,LH06a,"D. E. LaRowe and H. C. Helgeson (2006) Geochim. Cosmochim. Acta 70, 4680-4724",2017-03-08
TDP-3,C10H13N2O12P2-3,-589233.0,-760392.0,49.13,2.4128,127.511,-19.168,-2.4923,109.2,-19.67,4.1,-3.0,LH06a,"D. E. LaRowe and H. C. Helgeson (2006) Geochim. Cosmochim. Acta 70, 4680-4724",2017-03-08
HTDP-2,C10H14N2O12P2-2,-599033.0,-759182.0,86.06,2.4477,134.521,-19.331,-2.7821,167.0,-16.54,3.9,-2.0,LH06a,"D. E. LaRowe and H. C. Helgeson (2006) Geochim. Cosmochim. Acta 70, 4680-4724",2017-03-08
H2TDP-,C10H15N2O12P2-,-604733.0,-763582.0,90.42,2.4377,132.528,-19.284,-2.6997,173.9,-9.78,3.0,-1.0,LH06a,"D. E. LaRowe and H. C. Helgeson (2006) Geochim. Cosmochim. Acta 70, 4680-4724",2017-03-08
H3TDP,C10H16N2O12P2,-607233.0,-761022.0,107.39,2.4382,132.62,-19.287,-2.7035,184.0,-6.602,1.2,0.0,LH06a,"D. E. LaRowe and H. C. Helgeson (2006) Geochim. Cosmochim. Acta 70, 4680-4724",2017-03-08
UDP-3,C9H11N2O12P2-3,-587652.0,-750010.0,46.04,2.3658,118.055,-18.949,-2.1014,99.37,-22.16,4.2,-3.0,LH06a,"D. E. LaRowe and H. C. Helgeson (2006) Geochim. Cosmochim. Acta 70, 4680-4724",2017-03-08
HUDP-2,C9H12N2O12P2-2,-597432.0,-748930.0,82.47,2.4006,125.065,-19.111,-2.3912,157.1,-18.99,4.0,-2.0,LH06a,"D. E. LaRowe and H. C. Helgeson (2006) Geochim. Cosmochim. Acta 70, 4680-4724",2017-03-08
H2UDP-,C9H13N2O12P2-,-603132.0,-753330.0,86.83,2.3907,123.073,-19.065,-2.3088,164.0,-12.22,3.1,-1.0,LH06a,"D. E. LaRowe and H. C. Helgeson (2006) Geochim. Cosmochim. Acta 70, 4680-4724",2017-03-08
H3UDP,C9H14N2O12P2,-605632.0,-750770.0,103.8,2.3912,123.171,-19.067,-2.3129,174.2,-9.078,1.3,0.0,LH06a,"D. E. LaRowe and H. C. Helgeson (2006) Geochim. Cosmochim. Acta 70, 4680-4724",2017-03-08
dADP-3,C10H12N5O9P2-3,-417343.0,-582164.0,49.91,2.4254,130.043,-19.227,-2.597,120.0,-24.87,4.0,-3.0,LH06a,"D. E. LaRowe and H. C. Helgeson (2006) Geochim. Cosmochim. Acta 70, 4680-4724",2017-03-08
dHADP-2,C10H13N5O9P2-2,-427243.0,-581324.0,85.94,2.4601,137.019,-19.389,-2.8854,177.5,-21.65,3.8,-2.0,LH06a,"D. E. LaRowe and H. C. Helgeson (2006) Geochim. Cosmochim. Acta 70, 4680-4724",2017-03-08
dH2ADP-,C10H14N5O9P2-,-432943.0,-585742.0,90.3,2.4502,135.027,-19.342,-2.803,184.4,-14.87,2.9,-1.0,LH06a,"D. E. LaRowe and H. C. Helgeson (2006) Geochim. Cosmochim. Acta 70, 4680-4724",2017-03-08
dH3ADP,C10H15N5O9P2,-435443.0,-583164.0,107.27,2.4511,135.21,-19.347,-2.8106,195.2,-11.89,1.2,0.0,LH06a,"D. E. LaRowe and H. C. Helgeson (2006) Geochim. Cosmochim. Acta 70, 4680-4724",2017-03-08
dCDP-3,C9H12N3O10P2-3,-502802.0,-660232.0,52.05,2.3761,120.127,-18.997,-2.187,91.57,-21.42,4.1,-3.0,LH06a,"D. E. LaRowe and H. C. Helgeson (2006) Geochim. Cosmochim. Acta 70, 4680-4724",2017-03-08
dHCDP-2,C9H13N3O10P2-2,-512592.0,-658892.0,89.39,2.4105,127.044,-19.157,-2.473,148.5,-18.25,4.0,-2.0,LH06a,"D. E. LaRowe and H. C. Helgeson (2006) Geochim. Cosmochim. Acta 70, 4680-4724",2017-03-08
dH2CDP-,C9H14N3O10P2-,-518292.0,-663292.0,93.75,2.4006,125.052,-19.111,-2.3906,155.4,-11.48,3.1,-1.0,LH06a,"D. E. LaRowe and H. C. Helgeson (2006) Geochim. Cosmochim. Acta 70, 4680-4724",2017-03-08
dH3CDP,C9H15N3O10P2,-520792.0,-660732.0,110.72,2.401,125.15,-19.113,-2.3947,165.6,-8.545,1.4,0.0,LH06a,"D. E. LaRowe and H. C. Helgeson (2006) Geochim. Cosmochim. Acta 70, 4680-4724",2017-03-08
dGDP-3,C10H12N5O10P2-3,-477689.0,-651800.0,43.27,2.4222,129.405,-19.212,-2.5706,128.3,-25.78,4.3,-3.0,LH06a,"D. E. LaRowe and H. C. Helgeson (2006) Geochim. Cosmochim. Acta 70, 4680-4724",2017-03-08
dHGDP-2,C10H13N5O10P2-2,-487489.0,-650320.0,81.11,2.4568,136.362,-19.373,-2.8582,185.6,-22.49,4.1,-2.0,LH06a,"D. E. LaRowe and H. C. Helgeson (2006) Geochim. Cosmochim. Acta 70, 4680-4724",2017-03-08
dH2GDP-,C10H14N5O10P2-,-493189.0,-654720.0,85.47,2.4469,134.369,-19.327,-2.7758,192.4,-15.7,3.2,-1.0,LH06a,"D. E. LaRowe and H. C. Helgeson (2006) Geochim. Cosmochim. Acta 70, 4680-4724",2017-03-08
dH3GDP,C10H15N5O10P2,-495689.0,-652160.0,102.44,2.4474,134.467,-19.329,-2.7799,202.6,-12.6,1.4,0.0,LH06a,"D. E. LaRowe and H. C. Helgeson (2006) Geochim. Cosmochim. Acta 70, 4680-4724",2017-03-08
dTDP-3,C10H13N2O11P2-3,-555706.0,-718286.0,53.39,2.4152,127.998,-19.179,-2.5124,100.4,-19.67,4.1,-3.0,LH06a,"D. E. LaRowe and H. C. Helgeson (2006) Geochim. Cosmochim. Acta 70, 4680-4724",2017-03-08
dHTDP-2,C10H14N2O11P2-2,-565506.0,-717076.0,90.31,2.4501,135.014,-19.342,-2.8025,158.1,-16.54,3.9,-2.0,LH06a,"D. E. LaRowe and H. C. Helgeson (2006) Geochim. Cosmochim. Acta 70, 4680-4724",2017-03-08
dH2TDP-,C10H15N2O11P2-,-571206.0,-721476.0,94.67,2.4402,133.021,-19.296,-2.7201,165.0,-9.78,3.0,-1.0,LH06a,"D. E. LaRowe and H. C. Helgeson (2006) Geochim. Cosmochim. Acta 70, 4680-4724",2017-03-08
dH3TDP,C10H16N2O11P2,-573706.0,-718916.0,111.65,2.4406,133.113,-19.298,-2.7239,175.1,-6.602,1.2,0.0,LH06a,"D. E. LaRowe and H. C. Helgeson (2006) Geochim. Cosmochim. Acta 70, 4680-4724",2017-03-08
dUDP-3,C9H11N2O11P2-3,-554125.0,-707904.0,50.3,2.3635,117.602,-18.938,-2.0827,90.54,-22.16,4.2,-3.0,LH06a,"D. E. LaRowe and H. C. Helgeson (2006) Geochim. Cosmochim. Acta 70, 4680-4724",2017-03-08
dHUDP-2,C9H12N2O11P2-2,-563905.0,-706824.0,86.73,2.3984,124.611,-19.101,-2.3724,148.3,-18.99,4.0,-2.0,LH06a,"D. E. LaRowe and H. C. Helgeson (2006) Geochim. Cosmochim. Acta 70, 4680-4724",2017-03-08
dH2UDP-,C9H13N2O11P2-,-569605.0,-711224.0,91.09,2.3885,122.619,-19.055,-2.2901,155.2,-12.22,3.1,-1.0,LH06a,"D. E. LaRowe and H. C. Helgeson (2006) Geochim. Cosmochim. Acta 70, 4680-4724",2017-03-08
dH3UDP,C9H14N2O11P2,-572105.0,-708664.0,108.06,2.3889,122.717,-19.057,-2.2941,165.3,-9.078,1.3,0.0,LH06a,"D. E. LaRowe and H. C. Helgeson (2006) Geochim. Cosmochim. Acta 70, 4680-4724",2017-03-08
ATP-4,C10H12N5O13P3-4,-657038.0,-859264.0,47.96,2.454,135.79,-19.36,-2.8345,128.4,-30.27,5.0,-4.0,LH06a,"D. E. LaRowe and H. C. Helgeson (2006) Geochim. Cosmochim. Acta 70, 4680-4724",2017-03-08
HATP-3,C10H13N5O13P3-3,-667538.0,-857864.0,87.87,2.5037,145.79,-19.592,-3.2479,199.2,-30.37,4.9,-3.0,LH06a,"D. E. LaRowe and H. C. Helgeson (2006) Geochim. Cosmochim. Acta 70, 4680-4724",2017-03-08
H2ATP-2,C10H14N5O13P3-2,-673738.0,-861764.0,95.59,2.5002,145.08,-19.576,-3.2186,239.3,-31.04,4.7,-2.0,LH06a,"D. E. LaRowe and H. C. Helgeson (2006) Geochim. Cosmochim. Acta 70, 4680-4724",2017-03-08
H3ATP-,C10H15N5O13P3-,-676438.0,-860264.0,109.67,2.535,152.09,-19.738,-3.5083,296.4,-30.22,4.5,-1.0,LH06a,"D. E. LaRowe and H. C. Helgeson (2006) Geochim. Cosmochim. Acta 70, 4680-4724",2017-03-08
H4ATP,C10H16N5O13P3,-678500.0,-858553.0,122.33,2.5509,155.28,-19.812,-3.6404,351.9,-30.4,4.4,0.0,LH06a,"D. E. LaRowe and H. C. Helgeson (2006) Geochim. Cosmochim. Acta 70, 4680-4724",2017-03-08
CTP-4,C9H12N3O14P3-4,-740718.0,-937496.0,43.58,2.3948,123.89,-19.084,-2.3427,99.59,-27.07,5.2,-4.0,LH06a,"D. E. LaRowe and H. C. Helgeson (2006) Geochim. Cosmochim. Acta 70, 4680-4724",2017-03-08
HCTP-3,C9H13N3O14P3-3,-751148.0,-935746.0,84.44,2.4446,133.9,-19.316,-2.7564,171.0,-27.91,5.1,-3.0,LH06a,"D. E. LaRowe and H. C. Helgeson (2006) Geochim. Cosmochim. Acta 70, 4680-4724",2017-03-08
H2CTP-2,C9H14N3O14P3-2,-757348.0,-939646.0,92.15,2.441,133.18,-19.3,-2.7268,211.1,-28.49,4.9,-2.0,LH06a,"D. E. LaRowe and H. C. Helgeson (2006) Geochim. Cosmochim. Acta 70, 4680-4724",2017-03-08
H3CTP-,C9H15N3O14P3-,-760048.0,-938146.0,106.24,2.4759,140.2,-19.462,-3.0169,268.1,-27.53,4.7,-1.0,LH06a,"D. E. LaRowe and H. C. Helgeson (2006) Geochim. Cosmochim. Acta 70, 4680-4724",2017-03-08
H4CTP,C9H16N3O14P3,-762090.0,-936314.0,119.23,2.4918,143.39,-19.536,-3.1489,323.3,-27.75,4.6,0.0,LH06a,"D. E. LaRowe and H. C. Helgeson (2006) Geochim. Cosmochim. Acta 70, 4680-4724",2017-03-08
GTP-4,C10H12N5O14P3-4,-716107.0,-925542.0,48.3,2.4522,135.43,-19.352,-2.8198,136.1,-30.73,5.3,-4.0,LH06a,"D. E. LaRowe and H. C. Helgeson (2006) Geochim. Cosmochim. Acta 70, 4680-4724",2017-03-08
HGTP-3,C10H13N5O14P3-3,-726537.0,-923792.0,89.15,2.5028,145.62,-19.588,-3.2409,209.2,-32.18,5.3,-3.0,LH06a,"D. E. LaRowe and H. C. Helgeson (2006) Geochim. Cosmochim. Acta 70, 4680-4724",2017-03-08
H2GTP-2,C10H14N5O14P3-2,-732737.0,-927692.0,96.86,2.4993,144.91,-19.572,-3.2115,249.3,-32.92,5.1,-2.0,LH06a,"D. E. LaRowe and H. C. Helgeson (2006) Geochim. Cosmochim. Acta 70, 4680-4724",2017-03-08
H3GTP-,C10H15N5O14P3-,-735437.0,-926192.0,110.95,2.5346,152.01,-19.736,-3.5051,307.2,-32.33,4.9,-1.0,LH06a,"D. E. LaRowe and H. C. Helgeson (2006) Geochim. Cosmochim. Acta 70, 4680-4724",2017-03-08
H4GTP,C10H16N5O14P3,-737480.0,-924362.0,123.94,2.5505,155.2,-19.81,-3.6372,361.0,-32.04,4.8,0.0,LH06a,"D. E. LaRowe and H. C. Helgeson (2006) Geochim. Cosmochim. Acta 70, 4680-4724",2017-03-08
TTP-4,C10H13N2O15P3-4,-793622.0,-995550.0,44.92,2.4384,132.65,-19.287,-2.7048,109.4,-25.31,5.1,-4.0,LH06a,"D. E. LaRowe and H. C. Helgeson (2006) Geochim. Cosmochim. Acta 70, 4680-4724",2017-03-08
HTTP-3,C10H14N2O15P3-3,-803972.0,-993530.0,86.4,2.489,142.84,-19.524,-3.1259,182.4,-26.6,5.1,-3.0,LH06a,"D. E. LaRowe and H. C. Helgeson (2006) Geochim. Cosmochim. Acta 70, 4680-4724",2017-03-08
H2TTP-2,C10H15N2O15P3-2,-810172.0,-997430.0,94.12,2.4854,142.12,-19.507,-3.0962,222.5,-27.18,4.9,-2.0,LH06a,"D. E. LaRowe and H. C. Helgeson (2006) Geochim. Cosmochim. Acta 70, 4680-4724",2017-03-08
H3TTP-,C10H16N2O15P3-,-812872.0,-995930.0,108.21,2.5221,149.5,-19.678,-3.4012,281.1,-26.69,4.8,-1.0,LH06a,"D. E. LaRowe and H. C. Helgeson (2006) Geochim. Cosmochim. Acta 70, 4680-4724",2017-03-08
H4TTP,C10H17N2O15P3,-815000.0,-994118.0,121.42,2.5372,152.52,-19.748,-3.526,334.4,-26.45,4.7,0.0,LH06a,"D. E. LaRowe and H. C. Helgeson (2006) Geochim. Cosmochim. Acta 70, 4680-4724",2017-03-08
UTP-4,C9H11N2O15P3-4,-792041.0,-985168.0,41.83,2.3909,123.11,-19.066,-2.3104,98.4,-27.33,5.2,-4.0,LH06a,"D. E. LaRowe and H. C. Helgeson (2006) Geochim. Cosmochim. Acta 70, 4680-4724",2017-03-08
HUTP-3,C9H12N2O15P3-3,-802441.0,-983278.0,83.05,2.4416,133.3,-19.302,-2.7314,171.4,-28.66,5.2,-3.0,LH06a,"D. E. LaRowe and H. C. Helgeson (2006) Geochim. Cosmochim. Acta 70, 4680-4724",2017-03-08
H2UTP-2,C9H13N2O15P3-2,-808641.0,-987178.0,90.77,2.4385,132.67,-19.288,-2.7056,212.3,-29.52,5.0,-2.0,LH06a,"D. E. LaRowe and H. C. Helgeson (2006) Geochim. Cosmochim. Acta 70, 4680-4724",2017-03-08
H3UTP-,C9H14N2O15P3-,-811341.0,-985678.0,104.85,2.4742,139.86,-19.455,-3.003,270.9,-29.07,4.9,-1.0,LH06a,"D. E. LaRowe and H. C. Helgeson (2006) Geochim. Cosmochim. Acta 70, 4680-4724",2017-03-08
H4UTP,C9H15N2O15P3,-813380.0,-983806.0,117.97,2.4901,143.06,-19.529,-3.1351,324.6,-28.65,4.8,0.0,LH06a,"D. E. LaRowe and H. C. Helgeson (2006) Geochim. Cosmochim. Acta 70, 4680-4724",2017-03-08
dATP-4,C10H12N5O12P3-4,-621732.0,-817322.0,45.7,2.4508,135.15,-19.345,-2.8081,119.7,-30.27,5.0,-4.0,LH06a,"D. E. LaRowe and H. C. Helgeson (2006) Geochim. Cosmochim. Acta 70, 4680-4724",2017-03-08
dHATP-3,C10H13N5O12P3-3,-632233.0,-815922.0,85.61,2.5014,145.335,-19.581,-3.2292,190.5,-30.37,4.9,-3.0,LH06a,"D. E. LaRowe and H. C. Helgeson (2006) Geochim. Cosmochim. Acta 70, 4680-4724",2017-03-08
dH2ATP-2,C10H14N5O12P3-2,-638432.0,-819822.0,93.33,2.4988,144.803,-19.569,-3.2071,230.6,-31.04,4.7,-2.0,LH06a,"D. E. LaRowe and H. C. Helgeson (2006) Geochim. Cosmochim. Acta 70, 4680-4724",2017-03-08
dH3ATP-,C10H15N5O12P3-,-641132.0,-818322.0,107.42,2.5346,151.996,-19.736,-3.5045,287.7,-30.22,4.5,-1.0,LH06a,"D. E. LaRowe and H. C. Helgeson (2006) Geochim. Cosmochim. Acta 70, 4680-4724",2017-03-08
dH4ATP,C10H16N5O12P3,-643200.0,-816614.0,120.08,2.5505,155.198,-19.81,-3.6369,343.2,-30.4,4.4,0.0,LH06a,"D. E. LaRowe and H. C. Helgeson (2006) Geochim. Cosmochim. Acta 70, 4680-4724",2017-03-08
dCTP-4,C9H12N3O13P3-4,-707191.0,-895390.0,47.84,2.4012,125.175,-19.114,-2.3957,90.63,-27.07,5.2,-4.0,LH06a,"D. E. LaRowe and H. C. Helgeson (2006) Geochim. Cosmochim. Acta 70, 4680-4724",2017-03-08
dHCTP-3,C9H13N3O13P3-3,-717621.0,-893640.0,88.69,2.4518,135.36,-19.35,-2.8168,162.0,-27.91,5.1,-3.0,LH06a,"D. E. LaRowe and H. C. Helgeson (2006) Geochim. Cosmochim. Acta 70, 4680-4724",2017-03-08
dH2CTP-2,C9H14N3O13P3-2,-723821.0,-897540.0,96.41,2.4492,134.834,-19.338,-2.795,202.1,-28.49,4.9,-2.0,LH06a,"D. E. LaRowe and H. C. Helgeson (2006) Geochim. Cosmochim. Acta 70, 4680-4724",2017-03-08
dH3CTP-,C9H15N3O13P3-,-726521.0,-896040.0,110.49,2.485,142.028,-19.505,-3.0924,259.1,-27.53,4.7,-1.0,LH06a,"D. E. LaRowe and H. C. Helgeson (2006) Geochim. Cosmochim. Acta 70, 4680-4724",2017-03-08
dH4CTP,C9H16N3O13P3,-728570.0,-894253.0,123.36,2.5009,145.223,-19.579,-3.2245,314.3,-27.75,4.6,0.0,LH06a,"D. E. LaRowe and H. C. Helgeson (2006) Geochim. Cosmochim. Acta 70, 4680-4724",2017-03-08
dGTP-4,C10H12N5O13P3-4,-682078.0,-886958.0,39.06,2.4475,134.492,-19.33,-2.7809,127.9,-30.73,5.3,-4.0,LH06a,"D. E. LaRowe and H. C. Helgeson (2006) Geochim. Cosmochim. Acta 70, 4680-4724",2017-03-08
dHGTP-3,C10H13N5O13P3-3,-692508.0,-885208.0,79.91,2.4982,144.678,-19.566,-3.202,201.0,-32.18,5.3,-3.0,LH06a,"D. E. LaRowe and H. C. Helgeson (2006) Geochim. Cosmochim. Acta 70, 4680-4724",2017-03-08
dH2GTP-2,C10H14N5O13P3-2,-698708.0,-889108.0,87.63,2.4955,144.145,-19.554,-3.18,241.1,-32.92,5.0,-2.0,LH06a,"D. E. LaRowe and H. C. Helgeson (2006) Geochim. Cosmochim. Acta 70, 4680-4724",2017-03-08
dH3GTP-,C10H15N5O13P3-,-701408.0,-887608.0,101.71,2.5313,151.345,-19.721,-3.4776,299.0,-32.33,4.9,-1.0,LH06a,"D. E. LaRowe and H. C. Helgeson (2006) Geochim. Cosmochim. Acta 70, 4680-4724",2017-03-08
dH4GTP,C10H16N5O13P3,-703450.0,-885778.0,114.7,2.5472,154.54,-19.795,-3.6097,352.8,-32.04,4.8,0.0,LH06a,"D. E. LaRowe and H. C. Helgeson (2006) Geochim. Cosmochim. Acta 70, 4680-4724",2017-03-08
dTTP-4,C10H13N2O14P3-4,-760095.0,-953444.0,49.17,2.4408,133.144,-19.299,-2.7252,100.5,-25.31,5.1,-4.0,LH06a,"D. E. LaRowe and H. C. Helgeson (2006) Geochim. Cosmochim. Acta 70, 4680-4724",2017-03-08
dHTTP-3,C10H14N2O14P3-3,-770445.0,-951424.0,90.66,2.4915,143.33,-19.535,-3.1463,173.5,-26.6,5.1,-3.0,LH06a,"D. E. LaRowe and H. C. Helgeson (2006) Geochim. Cosmochim. Acta 70, 4680-4724",2017-03-08
dH2TTP-2,C10H15N2O14P3-2,-776645.0,-955324.0,98.38,2.4888,142.797,-19.523,-3.1242,213.6,-27.18,4.9,-2.0,LH06a,"D. E. LaRowe and H. C. Helgeson (2006) Geochim. Cosmochim. Acta 70, 4680-4724",2017-03-08
dH3TTP-,C10H16N2O14P3-,-779345.0,-953824.0,112.46,2.5246,149.991,-19.689,-3.4216,272.2,-26.69,4.8,-1.0,LH06a,"D. E. LaRowe and H. C. Helgeson (2006) Geochim. Cosmochim. Acta 70, 4680-4724",2017-03-08
dH4TTP,C10H17N2O14P3,-781370.0,-954020.0,118.6,2.5405,153.186,-19.764,-3.5537,325.5,-26.45,4.7,0.0,LH06a,"D. E. LaRowe and H. C. Helgeson (2006) Geochim. Cosmochim. Acta 70, 4680-4724",2017-03-08
dUTP-4,C9H11N2O14P3-4,-758514.0,-943062.0,46.09,2.3886,122.656,-19.055,-2.2916,89.57,-27.33,5.2,-4.0,LH06a,"D. E. LaRowe and H. C. Helgeson (2006) Geochim. Cosmochim. Acta 70, 4680-4724",2017-03-08
dHUTP-3,C9H12N2O14P3-3,-768914.0,-941172.0,87.31,2.4393,132.841,-19.292,-2.7127,162.6,-28.66,5.2,-3.0,LH06a,"D. E. LaRowe and H. C. Helgeson (2006) Geochim. Cosmochim. Acta 70, 4680-4724",2017-03-08
dH2UTP-2,C9H13N2O14P3-2,-775114.0,-945072.0,95.02,2.4367,132.309,-19.279,-2.6907,203.5,-29.52,5.0,-2.0,LH06a,"D. E. LaRowe and H. C. Helgeson (2006) Geochim. Cosmochim. Acta 70, 4680-4724",2017-03-08
dH3UTP-,C9H14N2O14P3-,-777814.0,-943572.0,109.11,2.472,139.411,-19.444,-2.9842,262.1,-29.07,4.9,-1.0,LH06a,"D. E. LaRowe and H. C. Helgeson (2006) Geochim. Cosmochim. Acta 70, 4680-4724",2017-03-08
dH4UTP,C9H15N2O14P3,-779850.0,-940671.0,125.67,2.4888,142.79,-19.522,-3.1239,315.8,-28.65,4.8,0.0,LH06a,"D. E. LaRowe and H. C. Helgeson (2006) Geochim. Cosmochim. Acta 70, 4680-4724",2017-03-08
citric acid,C6H8O7,-297180.0,-364527.0,78.89,17.2019,32.2622,-2.7285,-4.1127,96.43,-11.57,-0.06,0.0,LH06a.1,"D. E. LaRowe and H. C. Helgeson (2006) Geochim. Cosmochim. Acta 70, 4680-4724; P. A. Canovas III and E. L. Shock (2016) Geochim. Cosmochim. Acta 195, 293-322",2016-12-21
H2-citrate,C6H7O7-,-292912.0,-363530.0,67.92,16.3576,30.3484,-2.2931,-4.0336,89.4,-14.12,1.5,-1.0,LH06a.1,"D. E. LaRowe and H. C. Helgeson (2006) Geochim. Cosmochim. Acta 70, 4680-4724; P. A. Canovas III and E. L. Shock (2016) Geochim. Cosmochim. Acta 195, 293-322",2016-12-21
H-citrate-2,C6H6O7-2,-286417.0,-362947.0,48.09,15.1704,27.6579,-1.6828,-3.9224,73.14,-21.06,2.48,-2.0,LH06a.1,"D. E. LaRowe and H. C. Helgeson (2006) Geochim. Cosmochim. Acta 70, 4680-4724; P. A. Canovas III and E. L. Shock (2016) Geochim. Cosmochim. Acta 195, 293-322",2016-12-21
citrate-3,C6H5O7-3,-277690.0,-363750.0,16.13,12.9466,22.6175,-0.5371,-3.714,31.5,-24.41,2.75,-3.0,LH06a.1,"D. E. LaRowe and H. C. Helgeson (2006) Geochim. Cosmochim. Acta 70, 4680-4724; P. A. Canovas III and E. L. Shock (2016) Geochim. Cosmochim. Acta 195, 293-322",2016-12-21
MgAMP,MgC10H12N5O7P,-359730.0,-497815.0,41.68,2.3212,109.1071,-18.7412,-1.7315,191.66,-18.26,4.3,0.0,LH06b,"D. E. LaRowe and H. C. Helgeson (2006) Thermochim. Acta 448, 82-106",2017-03-08
MgADP-,MgC10H12N5O10P2-,-567524.0,-730932.0,55.74,2.4109,127.142,-19.1595,-2.4771,175.24,-3.9,3.11,-1.0,LH06b,"D. E. LaRowe and H. C. Helgeson (2006) Thermochim. Acta 448, 82-106",2017-03-08
MgHADP,MgC10H13N5O10P2,-574465.0,-731642.0,76.53,2.4625,137.4969,-19.3997,-2.9051,244.57,-19.38,4.78,0.0,LH06b,"D. E. LaRowe and H. C. Helgeson (2006) Thermochim. Acta 448, 82-106",2017-03-08
Mg2ADP+,Mg2C10H12N5O10P2+,-678301.0,-839030.0,41.3,2.3411,113.1049,-18.834,-1.897,166.84,-1.4,0.5,1.0,LH06b,"D. E. LaRowe and H. C. Helgeson (2006) Thermochim. Acta 448, 82-106",2017-03-08
MgATP-2,MgC10H12N5O13P3-2,-773609.0,-966279.0,56.6,2.4503,135.0839,-19.3437,-2.8054,256.02,-26.1,5.74,-2.0,LH06b,"D. E. LaRowe and H. C. Helgeson (2006) Thermochim. Acta 448, 82-106",2017-03-08
MgHATP-,MgC10H13N5O13P3-,-780994.0,-965191.0,85.01,2.5012,145.2701,-19.58,-3.2266,315.61,-25.57,5.74,-1.0,LH06b,"D. E. LaRowe and H. C. Helgeson (2006) Thermochim. Acta 448, 82-106",2017-03-08
MgH2ATP,MgC10H14N5O13P3,-786200.0,-970480.0,84.73,2.4935,143.766,-19.5451,-3.1642,362.6,-24.12,5.02,0.0,LH06b,"D. E. LaRowe and H. C. Helgeson (2006) Thermochim. Acta 448, 82-106",2017-03-08
Mg2ATP,Mg2C10H12N5O13P3,-884603.0,-1072753.0,48.33,2.4505,135.0889,-19.3439,-2.8057,310.3,-23.11,6.45,0.0,LH06b,"D. E. LaRowe and H. C. Helgeson (2006) Thermochim. Acta 448, 82-106",2017-03-08
H2NicMP(red),C11H17N2O8P,-329625.0,-462127.0,87.88,2.4409,133.1706,-19.299,-2.7263,144.86,-16.01,2.87,0.0,LH06b,"D. E. LaRowe and H. C. Helgeson (2006) Thermochim. Acta 448, 82-106",2017-03-08
HNicMP(red)-,C11H16N2O8P-,-324424.0,-457827.0,84.87,2.4472,134.4331,-19.3279,-2.7784,149.55,-18.76,3.35,-1.0,LH06b,"D. E. LaRowe and H. C. Helgeson (2006) Thermochim. Acta 448, 82-106",2017-03-08
NicMP(red)-2,C11H15N2O8P-2,-316226.0,-458666.0,54.54,2.3604,116.9948,-18.924,-2.0576,91.85,-16.4,3.35,-2.0,LH06b,"D. E. LaRowe and H. C. Helgeson (2006) Thermochim. Acta 448, 82-106",2017-03-08
H2NicMP(ox)+,C11H16N2O8P+,-334995.0,-455067.0,98.35,2.4413,133.2429,-19.3009,-2.7292,143.21,-18.88,2.87,1.0,LH06b,"D. E. LaRowe and H. C. Helgeson (2006) Thermochim. Acta 448, 82-106",2017-03-08
HNicMP(ox),C11H15N2O8P,-329794.0,-450767.0,95.32,2.4476,134.5054,-19.3301,-2.7815,147.9,-21.63,3.35,0.0,LH06b,"D. E. LaRowe and H. C. Helgeson (2006) Thermochim. Acta 448, 82-106",2017-03-08
NicMP(ox)-,C11H14N2O8P-,-321594.0,-451606.0,65.01,2.3608,117.0671,-18.9259,-2.0606,90.2,-19.27,3.35,-1.0,LH06b,"D. E. LaRowe and H. C. Helgeson (2006) Thermochim. Acta 448, 82-106",2017-03-08
H2NAD(red),C21H29N7O14P2,-529739.0,-780727.0,163.0,-2.4077,248.0631,-40.2557,-1.9178,325.29,-29.71,5.02,0.0,LH06b,"D. E. LaRowe and H. C. Helgeson (2006) Thermochim. Acta 448, 82-106",2017-03-08
HNAD(red)-,C21H28N7O14P2-,-527641.0,-782627.0,149.59,-2.576,247.6556,-40.1028,-1.9009,326.48,-34.06,6.69,-1.0,LH06b,"D. E. LaRowe and H. C. Helgeson (2006) Thermochim. Acta 448, 82-106",2017-03-08
NAD(red)-2,C21H27N7O14P2-2,-524441.0,-783126.0,137.19,-2.609,247.5731,-40.0669,-1.8975,331.26,-38.1,8.37,-2.0,LH06b,"D. E. LaRowe and H. C. Helgeson (2006) Thermochim. Acta 448, 82-106",2017-03-08
H2NAD(ox)+,C21H28N7O14P2+,-535110.0,-773666.0,173.49,-2.4073,248.1355,-40.2581,-1.9208,323.61,-32.58,5.02,1.0,LH06b,"D. E. LaRowe and H. C. Helgeson (2006) Thermochim. Acta 448, 82-106",2017-03-08
HNAD(ox),C21H27N7O14P2,-533009.0,-775566.0,159.99,-2.5755,247.7278,-40.1052,-1.9039,324.81,-36.95,6.69,0.0,LH06b,"D. E. LaRowe and H. C. Helgeson (2006) Thermochim. Acta 448, 82-106",2017-03-08
NAD(ox)-,C21H26N7O14P2-,-529811.0,-776066.0,147.61,-2.6085,247.6456,-40.0693,-1.9005,329.59,-40.97,8.37,-1.0,LH06b,"D. E. LaRowe and H. C. Helgeson (2006) Thermochim. Acta 448, 82-106",2017-03-08
H4NADP(red),C21H30N7O17P3,-741035.0,-1020626.0,165.99,-23.9546,324.5229,-24.3054,-7.4223,308.75,-13.13,4.3,0.0,LH06b,"D. E. LaRowe and H. C. Helgeson (2006) Thermochim. Acta 448, 82-106",2017-03-08
H3NADP(red)-,C21H29N7O17P3-,-738934.0,-1022526.0,152.61,-24.1228,324.1152,-24.1525,-7.4056,309.89,-17.49,5.74,-1.0,LH06b,"D. E. LaRowe and H. C. Helgeson (2006) Thermochim. Acta 448, 82-106",2017-03-08
H2NADP(red)-2,C21H28N7O17P3-2,-735734.0,-1023026.0,140.2,-24.1558,324.033,-24.1164,-7.402,314.56,-21.52,7.65,-2.0,LH06b,"D. E. LaRowe and H. C. Helgeson (2006) Thermochim. Acta 448, 82-106",2017-03-08
HNADP(red)-3,C21H27N7O17P3-3,-732775.0,-1024926.0,123.9,-25.941,319.674,-22.4032,-7.2218,310.61,-27.75,9.08,-3.0,LH06b,"D. E. LaRowe and H. C. Helgeson (2006) Thermochim. Acta 448, 82-106",2017-03-08
NADP(red)-4,C21H26N7O17P3-4,-722945.0,-1023922.0,94.31,-28.7971,312.7003,-19.6622,-6.9336,299.31,-38.19,11.23,-4.0,LH06b,"D. E. LaRowe and H. C. Helgeson (2006) Thermochim. Acta 448, 82-106",2017-03-08
H4NADP(ox)+,C21H29N7O17P3+,-747684.0,-1012369.0,184.8,-23.9541,324.5951,-24.3074,-7.4254,307.1,-16.0,4.3,1.0,LH06b,"D. E. LaRowe and H. C. Helgeson (2006) Thermochim. Acta 448, 82-106",2017-03-08
H3NADP(ox),C21H28N7O17P3,-745586.0,-1014269.0,171.39,-24.1226,324.1876,-24.1546,-7.4085,308.25,-20.36,5.74,0.0,LH06b,"D. E. LaRowe and H. C. Helgeson (2006) Thermochim. Acta 448, 82-106",2017-03-08
H2NADP(ox)-,C21H27N7O17P3-,-742385.0,-1014768.0,158.99,-24.1554,324.1052,-24.1183,-7.4051,312.88,-24.38,7.65,-1.0,LH06b,"D. E. LaRowe and H. C. Helgeson (2006) Thermochim. Acta 448, 82-106",2017-03-08
HNADP(ox)-2,C21H26N7O17P3-2,-739424.0,-1016668.0,142.71,-25.9405,319.7464,-22.4052,-7.2249,308.96,-30.64,9.08,-2.0,LH06b,"D. E. LaRowe and H. C. Helgeson (2006) Thermochim. Acta 448, 82-106",2017-03-08
NADP(ox)-3,C21H25N7O17P3-3,-729596.0,-1015662.0,113.1,-28.7966,312.7727,-19.6642,-6.9367,297.97,-41.06,11.23,-3.0,LH06b,"D. E. LaRowe and H. C. Helgeson (2006) Thermochim. Acta 448, 82-106",2017-03-08
alanine,C3H7NO2,-88810.0,-132500.0,38.83,14.9,1.74,7.16,-3.69,49.5,-7.0,0.18,0.0,AH97b,"J. P. Amend and H. C. Helgeson (1997) J. Chem. Soc., Faraday Trans. 93, 1927-1941; J. M. Dick, D. E. LaRowe and H. C. Helgeson (2006) Biogeosciences 3, 311-336",2006-08-25
arginine,C6H14N4O2,-57360.0,-143060.0,80.06,28.83,8.21,7.2,-5.95,94.8,-12.5,0.22,0.0,AH97b,"J. P. Amend and H. C. Helgeson (1997) J. Chem. Soc., Faraday Trans. 93, 1927-1941; J. M. Dick, D. E. LaRowe and H. C. Helgeson (2006) Biogeosciences 3, 311-336",2006-08-25
argininium,C6H15N4O2+,-69630.0,-153860.0,84.98,31.72,0.22,5.46,-5.15,103.8,-9.6,0.73,1.0,Kit15.1,"N. Kitadai (2015) Origins Life Evol. Biospheres 45, 377-409; J. M. Dick, D. E. LaRowe and H. C. Helgeson (2006) Biogeosciences 3, 311-336",2023-09-07
argininate,C6H13N4O2-,-41070.0,-142650.0,26.82,31.28,13.76,32.12,-9.94,141.9,-19.6,2.3,-1.0,Kit15.1,"N. Kitadai (2015) Origins Life Evol. Biospheres 45, 377-409; J. M. Dick, D. E. LaRowe and H. C. Helgeson (2006) Biogeosciences 3, 311-336",2023-09-07
asparagine,C4H8N2O3,-125490.0,-182700.0,57.88,19.83,2.37,3.76,-4.81,56.5,-11.7,0.21,0.0,AH97b,"J. P. Amend and H. C. Helgeson (1997) J. Chem. Soc., Faraday Trans. 93, 1927-1941; J. M. Dick, D. E. LaRowe and H. C. Helgeson (2006) Biogeosciences 3, 311-336",2006-08-25
aspartic acid,C4H7NO4,-172510.0,-226340.0,55.22,18.96,3.05,-6.62,-2.23,58.1,-11.9,0.17,0.0,AH97b,"J. P. Amend and H. C. Helgeson (1997) J. Chem. Soc., Faraday Trans. 93, 1927-1941; J. M. Dick, D. E. LaRowe and H. C. Helgeson (2006) Biogeosciences 3, 311-336",2006-08-25
aspartate,C4H6NO4-,-167380.0,-225180.0,41.9,16.96,5.77,10.11,-6.37,56.3,-15.3,2.47,-1.0,Kit15.1,"N. Kitadai (2015) Origins Life Evol. Biospheres 45, 377-409; J. M. Dick, D. E. LaRowe and H. C. Helgeson (2006) Biogeosciences 3, 311-336",2023-09-07
cysteine,C3H7NO2S,-80330.0,-124070.0,46.32,18.14,2.4,9.31,-4.97,59.8,-5.6,0.15,0.0,AH97b,"J. P. Amend and H. C. Helgeson (1997) J. Chem. Soc., Faraday Trans. 93, 1927-1941; J. M. Dick, D. E. LaRowe and H. C. Helgeson (2006) Biogeosciences 3, 311-336",2006-08-25
cysteinate,C3H6NO2S-,-68920.0,-115440.0,37.01,14.44,5.08,12.24,-3.68,61.0,-9.5,2.59,0.0,AH97b,"J. P. Amend and H. C. Helgeson (1997) J. Chem. Soc., Faraday Trans. 93, 1927-1941; J. M. Dick, D. E. LaRowe and H. C. Helgeson (2006) Biogeosciences 3, 311-336",2006-11-28
glutamine,C5H10N2O3,-126280.0,-191860.0,62.41,23.22,3.58,5.44,-5.23,68.6,-11.4,0.18,0.0,AH97b,"J. P. Amend and H. C. Helgeson (1997) J. Chem. Soc., Faraday Trans. 93, 1927-1941; J. M. Dick, D. E. LaRowe and H. C. Helgeson (2006) Biogeosciences 3, 311-336",2006-08-25
glutamic acid,C5H9NO4,-173050.0,-234820.0,61.2,22.3,4.23,6.55,-5.84,65.2,-10.0,0.15,0.0,AH97b,"J. P. Amend and H. C. Helgeson (1997) J. Chem. Soc., Faraday Trans. 93, 1927-1941; J. M. Dick, D. E. LaRowe and H. C. Helgeson (2006) Biogeosciences 3, 311-336",2006-08-25
glutamate,C5H8NO4-,-167250.0,-233860.0,44.97,20.49,6.96,10.86,-7.02,47.6,-7.8,2.65,-1.0,Kit15.1,"N. Kitadai (2015) Origins Life Evol. Biospheres 45, 377-409; J. M. Dick, D. E. LaRowe and H. C. Helgeson (2006) Biogeosciences 3, 311-336",2023-09-11
glycine,C2H5NO2,-88620.0,-122830.0,37.89,11.3,0.71,3.99,-3.04,28.5,-8.4,0.23,0.0,Kit14,"N. Kitadai (2014) J. Mol. Evol. 78, 171-187; J. M. Dick, D. E. LaRowe and H. C. Helgeson (2006) Biogeosciences 3, 311-336",2019-02-06
histidine,C6H9N3O2,-48420.0,-108200.0,66.0,24.32,4.8,7.52,-6.05,81.6,-11.3,0.27,0.0,AH97b,"J. P. Amend and H. C. Helgeson (1997) J. Chem. Soc., Faraday Trans. 93, 1927-1941; J. M. Dick, D. E. LaRowe and H. C. Helgeson (2006) Biogeosciences 3, 311-336",2006-08-25
histidinium,C6H10N3O2+,-56570.0,-115300.0,69.5,26.64,-3.4,-0.88,-3.07,88.0,-12.0,0.5,1.0,Kit15.1,"N. Kitadai (2015) Origins Life Evol. Biospheres 45, 377-409; J. M. Dick, D. E. LaRowe and H. C. Helgeson (2006) Biogeosciences 3, 311-336",2023-09-07
isoleucine,C6H13NO2,-81990.0,-151600.0,49.7,24.49,6.55,18.16,-7.76,99.7,-3.6,0.09,0.0,AH97b,"J. P. Amend and H. C. Helgeson (1997) J. Chem. Soc., Faraday Trans. 93, 1927-1941; J. M. Dick, D. E. LaRowe and H. C. Helgeson (2006) Biogeosciences 3, 311-336",2006-08-25
leucine,C6H13NO2,-84200.0,-153600.0,50.41,24.68,7.51,19.93,-8.37,102.7,-3.3,0.09,0.0,AH97b,"J. P. Amend and H. C. Helgeson (1997) J. Chem. Soc., Faraday Trans. 93, 1927-1941; J. M. Dick, D. E. LaRowe and H. C. Helgeson (2006) Biogeosciences 3, 311-336",2006-08-25
lysine,C6H14N2O2,-80680.0,-159330.0,57.91,24.56,8.3,24.43,-9.53,86.6,-10.9,0.07,0.0,AH97b,"J. P. Amend and H. C. Helgeson (1997) J. Chem. Soc., Faraday Trans. 93, 1927-1941; J. M. Dick, D. E. LaRowe and H. C. Helgeson (2006) Biogeosciences 3, 311-336",2006-08-25
lysinium,C6H15N2O2+,-93080.0,-168720.0,68.0,28.62,-1.51,4.47,-3.99,95.2,-8.0,1.21,1.0,Kit15.1,"N. Kitadai (2015) Origins Life Evol. Biospheres 45, 377-409; J. M. Dick, D. E. LaRowe and H. C. Helgeson (2006) Biogeosciences 3, 311-336",2023-09-07
lysinate,C6H13N2O2-,-65810.0,-148950.0,42.87,28.29,10.53,2.97,-7.61,133.7,-18.0,2.67,-1.0,Kit15.1,"N. Kitadai (2015) Origins Life Evol. Biospheres 45, 377-409; J. M. Dick, D. E. LaRowe and H. C. Helgeson (2006) Biogeosciences 3, 311-336",2023-09-07
methionine,C5H11NO2S,-76959.8,-135210.3,62.81,24.95,6.9,13.59,-7.77,85.3,-6.6,0.13,0.0,LD12.2,"D. E. LaRowe and J. M. Dick (2012) Geochim. Cosmochim. Acta 80, 70-91; J. M. Dick, D. E. LaRowe and H. C. Helgeson (2006) Biogeosciences 3, 311-336",2015-07-10
phenylalanine,C9H11NO2,-49430.0,-108900.0,56.6,28.27,8.8,19.34,-9.38,108.1,-6.5,0.12,0.0,AH97b,"J. P. Amend and H. C. Helgeson (1997) J. Chem. Soc., Faraday Trans. 93, 1927-1941; J. M. Dick, D. E. LaRowe and H. C. Helgeson (2006) Biogeosciences 3, 311-336",2006-08-25
proline,C5H9NO2,-73560.0,-124100.0,49.83,19.39,4.87,11.88,-5.68,63.6,-9.5,0.14,0.0,AH97b,"J. P. Amend and H. C. Helgeson (1997) J. Chem. Soc., Faraday Trans. 93, 1927-1941; J. M. Dick, D. E. LaRowe and H. C. Helgeson (2006) Biogeosciences 3, 311-336",2006-08-25
serine,C3H7NO3,-123930.0,-172420.0,47.24,15.69,0.73,3.87,-3.49,48.5,-9.4,0.18,0.0,AH97b,"J. P. Amend and H. C. Helgeson (1997) J. Chem. Soc., Faraday Trans. 93, 1927-1941; J. M. Dick, D. E. LaRowe and H. C. Helgeson (2006) Biogeosciences 3, 311-336",2006-08-25
threonine,C4H9NO3,-119830.0,-178940.0,44.23,18.94,2.83,8.87,-4.87,65.5,-7.1,0.11,0.0,AH97b,"J. P. Amend and H. C. Helgeson (1997) J. Chem. Soc., Faraday Trans. 93, 1927-1941; J. M. Dick, D. E. LaRowe and H. C. Helgeson (2006) Biogeosciences 3, 311-336",2006-08-25
tryptophan,C11H12N2O2,-26820.0,-97590.0,59.96,33.91,9.21,14.78,-9.36,116.8,-7.8,0.15,0.0,AH97b,"J. P. Amend and H. C. Helgeson (1997) J. Chem. Soc., Faraday Trans. 93, 1927-1941; J. M. Dick, D. E. LaRowe and H. C. Helgeson (2006) Biogeosciences 3, 311-336",2006-08-25
tyrosine,C9H11NO3,-91800.0,-157740.0,59.41,30.06,8.49,8.36,-8.58,106.2,-12.4,0.09,0.0,AH97b,"J. P. Amend and H. C. Helgeson (1997) J. Chem. Soc., Faraday Trans. 93, 1927-1941; J. M. Dick, D. E. LaRowe and H. C. Helgeson (2006) Biogeosciences 3, 311-336",2006-08-25
tyrosinate,C9H10NO3-,-79400.0,-148090.0,50.19,26.34,10.49,16.42,-7.59,109.0,-16.0,2.78,-1.0,Kit15.1,"N. Kitadai (2015) Origins Life Evol. Biospheres 45, 377-409; J. M. Dick, D. E. LaRowe and H. C. Helgeson (2006) Biogeosciences 3, 311-336",2023-09-11
valine,C5H11NO2,-85330.0,-146420.0,45.68,21.35,4.48,14.58,-6.12,83.8,-4.3,0.12,0.0,AH97b,"J. P. Amend and H. C. Helgeson (1997) J. Chem. Soc., Faraday Trans. 93, 1927-1941; J. M. Dick, D. E. LaRowe and H. C. Helgeson (2006) Biogeosciences 3, 311-336",2006-08-25
[Ala],CH3,-3936.0,-13290.0,16.85,5.43,3.6,4.39,-1.92,27.9,3.6,-0.05,0.0,DLH06,"J. M. Dick, D. E. LaRowe and H. C. Helgeson (2006) Biogeosciences 3, 311-336",2006-08-25
[Arg],C4H10N3,31624.0,-20730.0,54.75,18.08,13.39,50.81,-10.09,73.2,-1.9,-0.53,0.0,DLH06,"J. M. Dick, D. E. LaRowe and H. C. Helgeson (2006) Biogeosciences 3, 311-336",2006-08-25
[Arg+],C4H11N3+,14943.0,-35670.0,60.59,22.25,2.08,2.69,-3.38,82.2,1.0,0.5,0.0,DLH06,"J. M. Dick, D. E. LaRowe and H. C. Helgeson (2006) Biogeosciences 3, 311-336",2006-08-25
[Asn],C2H4NO,-40615.0,-63490.0,35.9,10.36,4.23,0.99,-3.04,34.9,-1.1,-0.02,0.0,DLH06,"J. M. Dick, D. E. LaRowe and H. C. Helgeson (2006) Biogeosciences 3, 311-336",2006-08-25
[Asp],C2H3O2,-87635.0,-107130.0,33.24,9.49,4.91,-9.39,-0.46,36.5,-1.3,-0.06,0.0,DLH06,"J. M. Dick, D. E. LaRowe and H. C. Helgeson (2006) Biogeosciences 3, 311-336",2006-08-25
[Asp-],C2H2O2-,-82293.0,-105330.0,21.36,7.49,7.63,7.34,-4.6,34.7,-4.7,2.24,0.0,DLH06,"J. M. Dick, D. E. LaRowe and H. C. Helgeson (2006) Biogeosciences 3, 311-336",2006-08-25
[Cys],CH3S,4545.0,-4860.0,24.34,8.67,4.26,6.54,-3.2,38.2,5.0,-0.08,0.0,DLH06,"J. M. Dick, D. E. LaRowe and H. C. Helgeson (2006) Biogeosciences 3, 311-336",2006-08-25
[Cys-],CH2S-,15950.0,3770.0,15.03,4.96,6.97,9.58,-1.94,39.4,1.1,2.25,0.0,DLH06,"J. M. Dick, D. E. LaRowe and H. C. Helgeson (2006) Biogeosciences 3, 311-336",2006-08-25
[Gln],C3H6NO,-41404.0,-72650.0,40.43,13.75,5.44,2.67,-3.46,47.0,-0.8,-0.05,0.0,DLH06,"J. M. Dick, D. E. LaRowe and H. C. Helgeson (2006) Biogeosciences 3, 311-336",2006-08-25
[Glu],C3H5O2,-88177.0,-115610.0,39.22,12.83,6.09,3.78,-4.07,43.6,0.6,-0.08,0.0,DLH06,"J. M. Dick, D. E. LaRowe and H. C. Helgeson (2006) Biogeosciences 3, 311-336",2006-08-25
[Glu-],C3H4O2-,-82337.0,-114940.0,21.88,11.02,8.82,8.09,-5.25,26.0,2.8,2.42,0.0,DLH06,"J. M. Dick, D. E. LaRowe and H. C. Helgeson (2006) Biogeosciences 3, 311-336",2006-08-25
[Gly],H,-3750.0,-3620.0,15.91,1.83,2.57,1.22,-1.27,6.9,2.2,0.0,0.0,Kit14,"N. Kitadai (2014) J. Mol. Evol. 78, 171-187; J. M. Dick, D. E. LaRowe and H. C. Helgeson (2006) Biogeosciences 3, 311-336",2019-02-06
[His],C4H5N2,36456.0,11010.0,44.02,14.85,6.66,4.75,-4.28,60.0,-0.7,0.04,0.0,DLH06,"J. M. Dick, D. E. LaRowe and H. C. Helgeson (2006) Biogeosciences 3, 311-336",2006-08-25
[His+],C4H6N2+,28175.0,3960.0,48.15,17.17,-1.54,-3.65,-1.3,66.4,-1.4,0.27,0.0,DLH06,"J. M. Dick, D. E. LaRowe and H. C. Helgeson (2006) Biogeosciences 3, 311-336",2006-08-25
[Ile],C4H9,2886.0,-32390.0,27.72,15.02,8.41,15.39,-5.99,78.1,7.0,-0.14,0.0,DLH06,"J. M. Dick, D. E. LaRowe and H. C. Helgeson (2006) Biogeosciences 3, 311-336",2006-08-25
[Leu],C4H9,675.0,-34390.0,28.43,15.21,9.37,17.16,-6.6,81.1,7.3,-0.14,0.0,DLH06,"J. M. Dick, D. E. LaRowe and H. C. Helgeson (2006) Biogeosciences 3, 311-336",2006-08-25
[Lys],C4H10N,5657.0,-37650.0,39.3,15.09,10.16,21.66,-7.76,65.0,-0.3,-0.16,0.0,DLH06,"J. M. Dick, D. E. LaRowe and H. C. Helgeson (2006) Biogeosciences 3, 311-336",2006-08-25
[Lys+],C4H11N+,-8014.0,-51160.0,39.84,19.15,0.35,1.7,-2.22,73.6,2.6,0.98,0.0,DLH06,"J. M. Dick, D. E. LaRowe and H. C. Helgeson (2006) Biogeosciences 3, 311-336",2006-08-25
[Met],C3H7S,7911.1,-16001.4,40.82,15.48,8.76,10.82,-6.0,63.7,4.0,-0.1,0.0,DLH06,"J. M. Dick, D. E. LaRowe and H. C. Helgeson (2006) Biogeosciences 3, 311-336; D. E. LaRowe and J. M. Dick (2012) Geochim. Cosmochim. Acta 80, 70-91",2015-07-10
[Phe],C7H7,35444.0,10310.0,34.62,18.8,10.66,16.57,-7.61,86.5,4.1,-0.11,0.0,DLH06,"J. M. Dick, D. E. LaRowe and H. C. Helgeson (2006) Biogeosciences 3, 311-336",2006-08-25
[Pro],C3H5,11314.0,-4890.0,27.85,9.92,6.73,9.11,-3.91,42.0,1.1,-0.09,0.0,DLH06,"J. M. Dick, D. E. LaRowe and H. C. Helgeson (2006) Biogeosciences 3, 311-336",2006-08-25
[Ser],CH3O,-39054.0,-53210.0,25.26,6.22,2.59,1.1,-1.72,26.9,1.2,-0.05,0.0,DLH06,"J. M. Dick, D. E. LaRowe and H. C. Helgeson (2006) Biogeosciences 3, 311-336",2006-08-25
[Thr],C2H5O,-34956.0,-59730.0,22.25,9.47,4.69,6.1,-3.1,43.9,3.5,-0.12,0.0,DLH06,"J. M. Dick, D. E. LaRowe and H. C. Helgeson (2006) Biogeosciences 3, 311-336",2006-08-25
[Trp],C9H8N,58053.0,21620.0,37.98,24.44,11.07,12.01,-7.59,95.2,2.8,-0.08,0.0,DLH06,"J. M. Dick, D. E. LaRowe and H. C. Helgeson (2006) Biogeosciences 3, 311-336",2006-08-25
[Tyr],C7H7O,-6924.0,-38530.0,37.43,20.59,10.35,5.59,-6.81,84.6,-1.8,-0.14,0.0,DLH06,"J. M. Dick, D. E. LaRowe and H. C. Helgeson (2006) Biogeosciences 3, 311-336",2006-08-25
[Tyr-],C7H6O-,5495.0,-30210.0,23.68,16.87,12.35,13.65,-5.82,87.4,-5.4,2.55,0.0,DLH06,"J. M. Dick, D. E. LaRowe and H. C. Helgeson (2006) Biogeosciences 3, 311-336",2006-08-25
[Val],C3H7,-456.0,-27210.0,23.7,11.88,6.34,11.81,-4.35,62.2,6.3,-0.11,0.0,DLH06,"J. M. Dick, D. E. LaRowe and H. C. Helgeson (2006) Biogeosciences 3, 311-336",2006-08-25
[AABB],C2H4NO2,-84875.0,-119210.0,21.98,9.47,-1.86,2.77,-1.77,21.6,-10.6,0.23,0.0,DLH06,"J. M. Dick, D. E. LaRowe and H. C. Helgeson (2006) Biogeosciences 3, 311-336",2006-08-25
[AABB+],C2H5NO2+,-88003.0,-119580.0,31.23,11.5,-4.58,-13.96,2.37,42.1,-4.0,0.59,0.0,DLH06,"J. M. Dick, D. E. LaRowe and H. C. Helgeson (2006) Biogeosciences 3, 311-336",2006-08-25
[AABB-],C2H3NO2-,-71967.0,-108690.0,13.97,13.2,0.37,-18.69,0.15,68.7,-17.7,2.83,0.0,DLH06,"J. M. Dick, D. E. LaRowe and H. C. Helgeson (2006) Biogeosciences 3, 311-336",2006-08-25
[UPBB],C2H2NO,-24110.0,-47670.0,3.01,8.1,-3.75,-6.73,1.13,11.2,-7.5,0.05,0.0,Kit14,"N. Kitadai (2014) J. Mol. Evol. 78, 171-187; J. M. Dick, D. E. LaRowe and H. C. Helgeson (2006) Biogeosciences 3, 311-336",2019-02-06
[-CH2-],CH2,2240.0,-5670.0,6.07,3.49,2.15,3.09,-1.7,16.0,2.3,0.0,0.0,DLH06,"J. M. Dick, D. E. LaRowe and H. C. Helgeson (2006) Biogeosciences 3, 311-336",2006-08-25
[-CH3],CH3,-2190.0,-12460.0,13.78,5.55,3.6,3.96,-1.92,31.5,1.9,-0.05,0.0,DLH06,"J. M. Dick, D. E. LaRowe and H. C. Helgeson (2006) Biogeosciences 3, 311-336",2006-08-25
[-CHCH3-],C2H4,3470.0,-12480.0,11.71,6.2,3.62,10.12,-2.98,30.1,4.4,-0.09,0.0,DLH06,"J. M. Dick, D. E. LaRowe and H. C. Helgeson (2006) Biogeosciences 3, 311-336",2006-08-25
[-CH2NH2],CH4N,7040.0,-12430.0,21.44,5.55,3.71,9.49,-2.66,25.9,-2.5,-0.19,0.0,DLH06,"J. M. Dick, D. E. LaRowe and H. C. Helgeson (2006) Biogeosciences 3, 311-336; J. M. Dick (2017) OBIGT database in CHNOSZ",2006-08-31
[-CH2OH],CH3O,-41530.0,-56790.0,21.57,5.86,2.59,3.03,-1.72,26.2,0.9,-0.05,0.0,DLH06,"J. M. Dick, D. E. LaRowe and H. C. Helgeson (2006) Biogeosciences 3, 311-336",2006-08-25
[-CONH2],CH2NO,-46550.0,-61420.0,30.14,7.02,1.14,-5.03,-0.06,14.5,-4.9,-0.05,0.0,DLH06,"J. M. Dick, D. E. LaRowe and H. C. Helgeson (2006) Biogeosciences 3, 311-336",2006-08-25
[-COOH],CHO2,-92570.0,-104380.0,26.41,5.82,1.79,-2.4,-0.67,12.9,-4.1,-0.08,0.0,DLH06,"J. M. Dick, D. E. LaRowe and H. C. Helgeson (2006) Biogeosciences 3, 311-336",2006-08-25
[-C6H5],C6H5,31660.0,15170.0,31.02,15.33,8.51,13.47,-5.91,70.4,1.8,-0.11,0.0,DLH06,"J. M. Dick, D. E. LaRowe and H. C. Helgeson (2006) Biogeosciences 3, 311-336",2006-08-25
[di.corr],C0,0.0,0.0,0.0,0.06,-1.48,-0.05,2.32,-0.1,-6.7,-0.02,0.0,DLH06,"J. M. Dick, D. E. LaRowe and H. C. Helgeson (2006) Biogeosciences 3, 311-336",2006-08-25
glutathione,C10H17N3O6S,-217454.0,-335690.0,106.09,49.3,3.56,0.85,-8.05,153.5,-17.8,0.17,0.0,Dic07,"J. M. Dick (2007) Ph.D. Dissertation, Univ. of California",2007-02-25
triglycine,C6H11N3O4,-144740.0,-226970.0,70.73,24.14,6.97,33.69,-10.69,63.9,-16.6,-1.54,0.0,Kit14,"N. Kitadai (2014) J. Mol. Evol. 78, 171-187; J. M. Dick, D. E. LaRowe and H. C. Helgeson (2006) Biogeosciences 3, 311-336",2019-02-06
lyxose,C5H10O5,-178929.0,-249998.0,47.05,22.64,5.493,4.419,-5.064,110.97,-20.78,0.1672,0.0,AP01,"J. P. Amend and A. V. Plyasunov (2001) Geochim. Cosmochim. Acta 65, 3901-3917; E. L. Shock et al. (2007) slop07.dat computer data file",2007-11-13
xylulose,C5H10O5,-178215.0,-245928.0,58.11,22.33,5.971,7.715,-5.493,119.81,-20.78,0.1672,0.0,AP01,"J. P. Amend and A. V. Plyasunov (2001) Geochim. Cosmochim. Acta 65, 3901-3917; E. L. Shock et al. (2007) slop07.dat computer data file",2007-11-13
ribulose,C5H10O5,-175776.0,-244344.0,55.25,22.33,5.971,7.715,-5.493,119.81,-20.78,0.1672,0.0,AP01,"J. P. Amend and A. V. Plyasunov (2001) Geochim. Cosmochim. Acta 65, 3901-3917; E. L. Shock et al. (2007) slop07.dat computer data file",2007-11-13
dimethyl sulfide,C2H6S,2020.0,-16340.0,42.5,10.7301,28.4573,-26.9698,-3.9554,73.3284,-4.5054,-0.8591,0.0,Sch10,"M. Schulte (2010) Aquat. Geochem. 16, 621-637",2010-07-03
methyl ethyl sulfide,C3H8S,3010.0,-23460.0,47.9,12.8983,33.3715,-28.0867,-4.1586,87.7223,-3.1506,-0.843,0.0,Sch10,"M. Schulte (2010) Aquat. Geochem. 16, 621-637",2010-07-03
diethyl sulfide,C4H10S,4500.0,-29620.0,54.9,15.0665,38.2858,-29.2035,-4.3617,100.4228,-1.9468,-0.8269,0.0,Sch10,"M. Schulte (2010) Aquat. Geochem. 16, 621-637",2010-07-03
dipropyl sulfide,C6H14S,8660.0,-41440.0,66.5,19.4502,48.2215,-31.4617,-4.7725,143.6045,1.9578,-0.8141,0.0,Sch10,"M. Schulte (2010) Aquat. Geochem. 16, 621-637",2010-07-03
dibutyl sulfide,C8H18S,13260.0,-51810.0,81.4,23.7393,57.9427,-33.671,-5.1744,177.4725,5.2072,-0.7624,0.0,Sch10,"M. Schulte (2010) Aquat. Geochem. 16, 621-637",2010-07-03
dipentyl sulfide,C10H22S,17360.0,-63150.0,94.8,28.0757,67.7711,-35.9048,-5.5807,213.8806,8.5956,-0.7302,0.0,Sch10,"M. Schulte (2010) Aquat. Geochem. 16, 621-637",2010-07-03
dihexyl sulfide,C12H26S,21460.0,-74490.0,108.2,32.412,77.5996,-38.1385,-5.987,249.442,11.9085,-0.698,0.0,Sch10,"M. Schulte (2010) Aquat. Geochem. 16, 621-637",2010-07-03
cis-aconitic acid,C6H6O6,-236200.0,-291400.0,63.9,16.5766,30.8449,-2.4072,-4.0541,59.7379,1.3622,-0.164,0.0,CS16,"P. A. Canovas III and E. L. Shock (2016) Geochim. Cosmochim. Acta 195, 293-322",2016-12-21
H2-cis-aconitate,C6H5O6-,-233600.0,-290480.0,58.2,15.4873,28.376,-1.8452,-3.9521,51.8298,-3.6503,0.7477,-1.0,CS16,"P. A. Canovas III and E. L. Shock (2016) Geochim. Cosmochim. Acta 195, 293-322",2016-12-21
H-cis-aconitate-2,C6H4O6-2,-227700.0,-289900.0,40.4,14.6306,26.4342,-1.4046,-3.8718,30.3757,-4.1266,2.601,-2.0,CS16,"P. A. Canovas III and E. L. Shock (2016) Geochim. Cosmochim. Acta 195, 293-322",2016-12-21
cis-aconitate-3,C6H3O6-3,-218970.0,-290700.0,8.4,13.0954,22.9544,-0.6139,-3.7279,-0.2807,-4.7435,4.6843,-3.0,CS16,"P. A. Canovas III and E. L. Shock (2016) Geochim. Cosmochim. Acta 195, 293-322",2016-12-21
isocitric acid,C6H8O7,-295880.0,-363960.0,76.4,17.3743,32.653,-2.817,-4.1289,68.8768,2.3996,-0.082,0.0,CS16,"P. A. Canovas III and E. L. Shock (2016) Geochim. Cosmochim. Acta 195, 293-322",2016-12-21
H2-isocitrate,C6H7O7-,-291390.0,-362960.0,64.7,16.2126,30.0199,-2.2197,-4.02,61.1741,-3.523,0.6493,-1.0,CS16,"P. A. Canovas III and E. L. Shock (2016) Geochim. Cosmochim. Acta 195, 293-322",2016-12-21
H-isocitrate-2,C6H6O7-2,-284960.0,-362380.0,45.1,15.3672,28.1034,-1.783,-3.9408,39.977,-3.9993,2.5298,-2.0,CS16,"P. A. Canovas III and E. L. Shock (2016) Geochim. Cosmochim. Acta 195, 293-322",2016-12-21
isocitrate-3,C6H5O7-3,-276230.0,-363180.0,13.1,13.8316,24.623,-0.9928,-3.7969,9.3108,-4.6163,4.6132,-3.0,CS16,"P. A. Canovas III and E. L. Shock (2016) Geochim. Cosmochim. Acta 195, 293-322",2016-12-21
a-ketoglutaric acid,C5H6O5,-201800.0,-245700.0,76.1,14.8287,26.8831,-1.5061,-3.8903,41.2055,-1.0189,-0.084,0.0,CS16,"P. A. Canovas III and E. L. Shock (2016) Geochim. Cosmochim. Acta 195, 293-322",2016-12-21
H-a-ketoglutarate,C5H5O5-,-198800.0,-242300.0,77.1,14.1054,25.2437,-1.1337,-3.8226,15.3765,-4.0709,0.4615,-1.0,CS16,"P. A. Canovas III and E. L. Shock (2016) Geochim. Cosmochim. Acta 195, 293-322",2016-12-21
a-ketoglutarate-2,C5H4O5-2,-191800.0,-240400.0,60.1,13.9562,24.9058,-1.057,-3.8086,-19.3472,-4.7108,2.3026,-2.0,CS16,"P. A. Canovas III and E. L. Shock (2016) Geochim. Cosmochim. Acta 195, 293-322",2016-12-21
fumaric acid,C4H4O4,-154820.0,-186260.0,60.62,12.3542,21.2748,-0.2318,-3.6585,45.951,-0.3174,-0.186,0.0,CS16,"P. A. Canovas III and E. L. Shock (2016) Geochim. Cosmochim. Acta 195, 293-322",2016-12-21
H-fumarate,C4H3O4-,-150600.0,-186150.0,46.83,11.0637,18.3498,0.4327,-3.5376,26.4785,-3.9848,0.9199,-1.0,CS16,"P. A. Canovas III and E. L. Shock (2016) Geochim. Cosmochim. Acta 195, 293-322",2016-12-21
fumarate-2,C4H2O4-2,-144320.0,-186830.0,23.48,9.9248,15.7683,1.0191,-3.4309,-7.3722,-4.6247,2.8572,-2.0,CS16,"P. A. Canovas III and E. L. Shock (2016) Geochim. Cosmochim. Acta 195, 293-322",2016-12-21
malic acid,C4H6O5,-213530.0,-259310.0,68.21,12.9644,22.6577,-0.5461,-3.7157,53.9427,0.6143,-0.136,0.0,CS16,"P. A. Canovas III and E. L. Shock (2016) Geochim. Cosmochim. Acta 195, 293-322",2016-12-21
H-malate,C4H5O5-,-208810.0,-258610.0,54.75,12.3867,21.3482,-0.249,-3.6615,34.5541,-3.8709,0.8,-1.0,CS16,"P. A. Canovas III and E. L. Shock (2016) Geochim. Cosmochim. Acta 195, 293-322",2016-12-21
malate-2,C4H4O5-2,-201860.0,-258890.0,30.48,12.2779,21.1017,-0.1928,-3.6513,0.8264,-4.5108,2.7512,-2.0,CS16,"P. A. Canovas III and E. L. Shock (2016) Geochim. Cosmochim. Acta 195, 293-322",2016-12-21
oxaloacetic acid,C4H4O5,-200000.0,-235100.0,72.9,12.5492,21.7168,-0.3324,-3.6768,32.3818,-2.0859,-0.105,0.0,CS16,"P. A. Canovas III and E. L. Shock (2016) Geochim. Cosmochim. Acta 195, 293-322",2016-12-21
H-oxaloacetate,C4H3O5-,-196600.0,-231300.0,74.0,11.8516,20.1357,0.0269,-3.6114,5.2703,-4.2017,0.5084,-1.0,CS16,"P. A. Canovas III and E. L. Shock (2016) Geochim. Cosmochim. Acta 195, 293-322",2016-12-21
oxaloacetate-2,C4H2O5-2,-190600.0,-230300.0,57.2,11.7014,19.7949,0.1041,-3.5973,-29.4812,-4.8417,2.3465,-2.0,CS16,"P. A. Canovas III and E. L. Shock (2016) Geochim. Cosmochim. Acta 195, 293-322",2016-12-21
pyruvic acid,CH3COCOOH,-117000.0,-140300.0,62.1,10.5381,17.1584,0.7032,-3.4883,37.4903,-1.3746,-0.176,0.0,CS16,"P. A. Canovas III and E. L. Shock (2016) Geochim. Cosmochim. Acta 195, 293-322",2016-12-21
pyruvate,CH3COCOO-,-113600.0,-137400.0,60.4,9.0836,13.862,1.4526,-3.3521,11.2428,-4.1508,0.7144,-1.0,CS16,"P. A. Canovas III and E. L. Shock (2016) Geochim. Cosmochim. Acta 195, 293-322",2016-12-21
glycinium,C2H6NO2+,-91820.0,-123790.0,45.44,15.57,-8.26,-6.62,0.47,39.5,-1.21,-0.33,1.0,Kit14,"N. Kitadai (2014) J. Mol. Evol. 78, 171-187; R. N. Goldberg et al. (2002) J. Phys. Chem. Ref. Data 31, 231-370",2019-02-06
glycinate,C2H4NO2-,-75270.0,-112270.0,28.57,9.74,3.54,20.07,-4.73,21.6,-7.92,0.69,-1.0,Kit14,"N. Kitadai (2014) J. Mol. Evol. 78, 171-187; R. N. Goldberg et al. (2002) J. Phys. Chem. Ref. Data 31, 231-370",2019-02-06
diglycine,C4H8N2O3,-117000.0,-175690.0,52.75,17.66,6.71,50.07,-15.91,69.3,-17.71,0.59,0.0,Kit14,"N. Kitadai (2014) J. Mol. Evol. 78, 171-187",2019-02-06
diglycine+,C4H9N2O3+,-121280.0,-175720.0,67.03,22.05,-8.0,-22.99,5.69,34.1,-0.1,-2.46,1.0,Kit14,"N. Kitadai (2014) J. Mol. Evol. 78, 171-187; R. N. Goldberg et al. (2002) J. Phys. Chem. Ref. Data 31, 231-370",2019-02-06
diglycine-,C4H7N2O3-,-105720.0,-165320.0,47.97,16.22,3.8,3.69,0.48,16.2,-6.81,-1.44,-1.0,Kit14,"N. Kitadai (2014) J. Mol. Evol. 78, 171-187; R. N. Goldberg et al. (2002) J. Phys. Chem. Ref. Data 31, 231-370",2019-02-06
triglycine+,C6H12N3O4+,-149130.0,-227170.0,84.8,28.52,-7.74,-39.37,10.91,28.7,1.01,-4.59,1.0,Kit14,"N. Kitadai (2014) J. Mol. Evol. 78, 171-187; R. N. Goldberg et al. (2002) J. Phys. Chem. Ref. Data 31, 231-370",2019-02-06
triglycine-,C6H10N3O4-,-133700.0,-217000.0,67.14,22.69,4.06,-12.69,5.7,10.8,-5.7,-3.57,-1.0,Kit14,"N. Kitadai (2014) J. Mol. Evol. 78, 171-187; R. N. Goldberg et al. (2002) J. Phys. Chem. Ref. Data 31, 231-370",2019-02-06
diketopiperazine,C4H6N2O2,-57440.0,-99300.0,53.5,16.84,3.27,10.94,-5.14,28.5,-7.44,-2.3,0.0,Kit14,"N. Kitadai (2014) J. Mol. Evol. 78, 171-187; E. L. Shock (1992) Geochim. Cosmochim. Acta 56, 3481-3491",2019-02-06
alaninium,C3H8NO2+,-92000.0,-133200.0,47.18,20.02,-6.38,-7.07,-0.88,61.6,0.46,-0.21,1.0,Kit15,"N. Kitadai (2015) Origins Life Evol. Biospheres 45, 377-409",2023-09-07
alaninate,C3H6NO2-,-75360.0,-121590.0,30.3,12.55,4.99,18.91,-5.78,28.9,-5.87,-0.32,-1.0,Kit15,"N. Kitadai (2015) Origins Life Evol. Biospheres 45, 377-409",2023-09-07
argininium+2,C6H16N4O2+2,-72110.0,-154860.0,89.96,38.92,-8.28,-15.7,-2.21,120.3,-3.25,0.9,2.0,Kit15,"N. Kitadai (2015) Origins Life Evol. Biospheres 45, 377-409",2023-09-07
asparaginium,C4H9N2O3+,-128440.0,-183630.0,64.65,24.64,-4.5,-4.58,-2.24,68.0,0.06,0.81,1.0,Kit15,"N. Kitadai (2015) Origins Life Evol. Biospheres 45, 377-409",2023-09-07
asparaginate,C4H7N2O3-,-113250.0,-172960.0,49.51,17.8,6.85,23.16,-7.12,44.6,-4.36,2.1,-1.0,Kit15,"N. Kitadai (2015) Origins Life Evol. Biospheres 45, 377-409",2023-09-07
aspartinium,C4H8NO4+,-175170.0,-227970.0,58.68,22.74,-4.58,0.19,-2.18,58.9,-3.66,-0.73,1.0,Kit15,"N. Kitadai (2015) Origins Life Evol. Biospheres 45, 377-409",2023-09-07
aspartate-2,C4H5NO4-2,-153520.0,-215330.0,28.43,15.19,9.1,23.54,-8.14,44.4,-12.45,3.16,-2.0,Kit15,"N. Kitadai (2015) Origins Life Evol. Biospheres 45, 377-409",2023-09-07
cysteinium,C3H8NO2S+,-82660.0,-123930.0,54.63,22.85,-4.92,2.05,-1.93,71.6,6.86,1.01,1.0,Kit15,"N. Kitadai (2015) Origins Life Evol. Biospheres 45, 377-409",2023-09-07
cysteinate-2,C3H5NO2S-2,-54250.0,-107290.0,15.16,12.26,8.67,37.49,-7.83,49.6,-7.55,3.23,-2.0,Kit15,"N. Kitadai (2015) Origins Life Evol. Biospheres 45, 377-409",2023-09-07
glutaminium,C5H11N2O3+,-129240.0,-192540.0,70.05,28.42,-2.72,-2.17,-3.52,81.4,0.02,0.9,1.0,Kit15,"N. Kitadai (2015) Origins Life Evol. Biospheres 45, 377-409",2023-09-07
glutaminate,C5H9N2O3-,-113720.0,-182180.0,52.75,21.44,8.52,24.95,-8.33,58.0,-4.48,2.19,-1.0,Kit15,"N. Kitadai (2015) Origins Life Evol. Biospheres 45, 377-409",2023-09-07
glutamic-acid+1,C5H10NO4+,-176050.0,-235700.0,68.31,25.66,-3.2,-5.05,-3.17,54.4,-4.36,-2.2,1.0,Kit15,"N. Kitadai (2015) Origins Life Evol. Biospheres 45, 377-409",2023-09-07
glutamate-2,C5H7NO4-2,-153650.0,-224900.0,29.42,19.02,10.67,22.11,-9.27,34.8,-5.11,3.24,-2.0,Kit15,"N. Kitadai (2015) Origins Life Evol. Biospheres 45, 377-409",2023-09-07
histidinate,C6H8N3O2-,-35760.0,-97700.0,58.75,21.36,9.0,25.83,-8.67,61.9,-7.79,0.62,-1.0,Kit15,"N. Kitadai (2015) Origins Life Evol. Biospheres 45, 377-409",2023-09-07
histidinium+2,C6H11N3O2+2,-58750.0,-116300.0,73.47,32.48,-11.06,-16.13,-0.21,102.9,-4.28,0.69,2.0,Kit15,"N. Kitadai (2015) Origins Life Evol. Biospheres 45, 377-409",2023-09-07
isoleucinium,C6H14NO2+,-85190.0,-151830.0,59.64,31.68,-1.42,-6.57,-4.46,121.0,1.49,0.39,1.0,Kit15,"N. Kitadai (2015) Origins Life Evol. Biospheres 45, 377-409",2023-09-07
isoleucinate,C6H12NO2-,-68750.0,-140690.0,41.92,24.15,9.89,21.15,-9.31,96.0,-4.9,0.75,-1.0,Kit15,"N. Kitadai (2015) Origins Life Evol. Biospheres 45, 377-409",2023-09-07
leucinium,C6H14NO2+,-87380.0,-153990.0,59.75,31.28,-1.18,3.94,-4.63,119.1,7.09,1.22,1.0,Kit15,"N. Kitadai (2015) Origins Life Evol. Biospheres 45, 377-409",2023-09-07
leucinate,C6H12NO2-,-70910.0,-142750.0,42.22,24.18,9.97,30.41,-9.37,95.5,2.2,2.51,-1.0,Kit15,"N. Kitadai (2015) Origins Life Evol. Biospheres 45, 377-409",2023-09-07
lysinium+2,C6H16N2O2+2,-95610.0,-168800.0,76.2,35.18,-9.91,-13.36,-1.03,110.8,-0.83,1.41,2.0,Kit15,"N. Kitadai (2015) Origins Life Evol. Biospheres 45, 377-409",2023-09-07
methioninium,C5H12NO2S+,-80000.0,-135510.0,72.13,30.54,-1.48,-3.31,-4.41,90.2,0.61,-0.4,1.0,Kit15,"N. Kitadai (2015) Origins Life Evol. Biospheres 45, 377-409",2023-09-07
methionate,C5H10NO2S-,-64410.0,-124840.0,55.51,24.39,9.85,19.31,-9.28,77.2,-7.41,0.87,-1.0,Kit15,"N. Kitadai (2015) Origins Life Evol. Biospheres 45, 377-409",2023-09-07
phenylalaninium,C9H12NO2+,-52430.0,-109500.0,64.65,35.42,0.38,-0.44,-5.75,125.1,3.12,1.13,1.0,Kit15,"N. Kitadai (2015) Origins Life Evol. Biospheres 45, 377-409",2023-09-07
phenylalanate,C9H10NO2-,-36730.0,-98200.0,49.89,28.15,11.44,25.73,-10.43,101.5,-1.74,2.42,-1.0,Kit15,"N. Kitadai (2015) Origins Life Evol. Biospheres 45, 377-409",2023-09-07
prolinium,C5H10NO2+,-76220.0,-124440.0,57.61,24.19,-4.21,-4.18,-2.45,70.1,-2.05,-0.77,1.0,Kit15,"N. Kitadai (2015) Origins Life Evol. Biospheres 45, 377-409",2023-09-07
prolinate,C5H8NO2-,-59040.0,-113790.0,35.72,16.94,7.45,32.3,-7.55,59.9,-5.41,0.7,-1.0,Kit15,"N. Kitadai (2015) Origins Life Evol. Biospheres 45, 377-409",2023-09-07
serinium,C3H8NO3+,-126910.0,-173740.0,52.86,19.13,-6.3,-2.53,-0.94,56.3,-2.52,-0.82,1.0,Kit15,"N. Kitadai (2015) Origins Life Evol. Biospheres 45, 377-409",2023-09-07
serinate,C3H6NO3-,-111370.0,-162070.0,39.82,13.15,5.09,19.39,-5.85,37.1,-9.2,0.35,-1.0,Kit15,"N. Kitadai (2015) Origins Life Evol. Biospheres 45, 377-409",2023-09-07
threoninium,C4H10NO3+,-122910.0,-179820.0,51.61,23.15,-4.46,0.49,-2.27,77.2,-1.57,-0.48,1.0,Kit15,"N. Kitadai (2015) Origins Life Evol. Biospheres 45, 377-409",2023-09-07
threonate,C4H8NO3-,-107330.0,-169020.0,35.59,15.31,6.71,27.6,-7.02,46.9,-6.02,-0.22,-1.0,Kit15,"N. Kitadai (2015) Origins Life Evol. Biospheres 45, 377-409",2023-09-07
tryptophanium,C11H13N2O2+,-30050.0,-97520.0,71.04,41.24,2.72,-4.16,-7.44,134.7,0.62,1.02,1.0,Kit15,"N. Kitadai (2015) Origins Life Evol. Biospheres 45, 377-409",2023-09-07
tryptophanate,C11H11N2O2-,-14050.0,-86880.0,42.99,33.75,13.65,21.44,-12.02,111.0,-4.28,2.31,-1.0,Kit15,"N. Kitadai (2015) Origins Life Evol. Biospheres 45, 377-409",2023-09-07
tyrosinium,C9H12NO3+,-94580.0,-157400.0,69.88,37.25,0.64,-8.74,-5.94,123.0,-1.88,1.22,1.0,Kit15,"N. Kitadai (2015) Origins Life Evol. Biospheres 45, 377-409",2023-09-07
tyrosinate-2,C9H9NO3-2,-64820.0,-136740.0,39.35,24.63,12.97,20.83,-10.93,91.4,-21.73,3.48,-2.0,Kit15,"N. Kitadai (2015) Origins Life Evol. Biospheres 45, 377-409",2023-09-07
valinium,C5H12NO2+,-88450.0,-146590.0,55.57,27.2,-2.96,-1.29,-3.35,102.5,0.87,0.08,1.0,Kit15,"N. Kitadai (2015) Origins Life Evol. Biospheres 45, 377-409",2023-09-07
valinate,C5H10NO2-,-72070.0,-138360.0,28.23,20.38,8.07,18.6,-8.0,76.8,-6.27,0.79,-1.0,Kit15,"N. Kitadai (2015) Origins Life Evol. Biospheres 45, 377-409",2023-09-07
fructose-6-phosphate-2,C6H11O9P-2,-415600.0,-538200.0,30.47,5.282,55.0,-3.176,-2.25,75.6,-18.0,1.21,-2.0,LDS+26,D. E. LaRowe et al. (2026) submitted manuscript,2025-06-20
fructose-6-phosphate-1,C6H12O9P-1,-424500.0,-536800.0,64.94,8.136,61.97,-5.92,-2.538,86.9,-7.55,-0.83,-1.0,LDS+26,D. E. LaRowe et al. (2026) submitted manuscript,2025-06-24
fructose-6-phosphate,C6H13O9P,-426400.0,-534900.0,77.77,9.921,66.32,-7.63,-2.72,90.82,-1.32,-2.35,0.0,LDS+26,D. E. LaRowe et al. (2026) submitted manuscript,2025-06-24
galactose-1-phosphate-2,C6H11O9P-2,-417800.0,-543000.0,21.65,6.14,50.33,-9.49,0.833,67.88,-11.24,1.21,-2.0,LDS+26,D. E. LaRowe et al. (2026) submitted manuscript,2025-06-24
galactose-1-phosphate-1,C6H12O9P-1,-426600.0,-541600.0,56.12,8.996,57.31,-12.23,0.544,79.18,-0.79,-0.83,-1.0,LDS+26,D. E. LaRowe et al. (2026) submitted manuscript,2025-06-24
galactose-1-phosphate,C6H13O9P,-428300.0,-539700.0,68.14,10.78,61.66,-13.94,0.364,83.1,5.44,-2.35,0.0,LDS+26,D. E. LaRowe et al. (2026) submitted manuscript,2025-06-24
glucose-6-phosphate-2,C6H11O9P-2,-418000.0,-544900.0,16.04,5.731,57.31,-1.66,-2.514,84.15,-12.9,1.21,-2.0,LDS+26,D. E. LaRowe et al. (2026) submitted manuscript,2025-06-24
glucose-6-phosphate-1,C6H12O9P-1,-426600.0,-544700.0,45.7,8.587,64.29,-4.4,-2.801,95.46,-2.45,-0.83,-1.0,LDS+26,D. E. LaRowe et al. (2026) submitted manuscript,2025-06-24
glucose-6-phosphate,C6H13O9P,-428500.0,-542800.0,58.53,10.37,68.64,-6.12,-2.983,99.4,3.78,-2.35,0.0,LDS+26,D. E. LaRowe et al. (2026) submitted manuscript,2025-06-24
mannose-6-phosphate-2,C6H11O9P-2,-417500.0,-541100.0,27.27,6.26,50.96,-10.44,1.048,59.49,-11.41,1.21,-2.0,LDS+26,D. E. LaRowe et al. (2026) submitted manuscript,2025-06-24
mannose-6-phosphate-1,C6H12O9P-1,-426400.0,-539400.0,62.55,9.116,57.93,-13.18,0.759,70.79,-0.96,-0.83,-1.0,LDS+26,D. E. LaRowe et al. (2026) submitted manuscript,2025-06-24
mannose-6-phosphate,C6H13O9P,-428000.0,-537500.0,74.57,10.901,62.28,-14.89,0.579,74.71,5.28,-2.35,0.0,LDS+26,D. E. LaRowe et al. (2026) submitted manuscript,2025-06-24
ribulosephosphate-2,C5H9O8P-2,-376200.0,-481800.0,31.0,1.744,52.39,-6.83,0.211,70.94,-18.5,1.47,-2.0,LDS+26,D. E. LaRowe et al. (2026) submitted manuscript,2025-06-24
ribulosephosphate-,C5H10O8P-,-385500.0,-479000.0,70.7,4.598,59.37,-9.57,-0.077,82.24,-8.05,-0.56,-1.0,LDS+26,D. E. LaRowe et al. (2026) submitted manuscript,2025-06-24
ribulosephosphate,C5H11O8P,-387200.0,-477100.0,83.2,6.384,63.72,-11.29,-0.257,86.16,-1.82,-2.08,0.0,LDS+26,D. E. LaRowe et al. (2026) submitted manuscript,2025-06-24
glycerate-1,C3H5O4-,-164600.0,-211300.0,38.96,14.2591,3.94,0.393,-3.8241,47.777,-5.853,1.499,-1.0,LDS+26,D. E. LaRowe et al. (2026) submitted manuscript,2025-06-24
glyceric acid,C3H6O4,-171200.0,-211200.0,61.9,15.4804,5.52,2.789,-3.891,49.809,-1.9,-0.13,0.0,LDS+26,D. E. LaRowe et al. (2026) submitted manuscript,2025-06-24
3-phosphoglycerate-3,C3H4O7P-3,-364000.0,-452400.0,-1.92,-6.3217,54.42,-11.769,-0.0285,15.946,-5.954,4.278,-3.0,LDS+26,D. E. LaRowe et al. (2026) submitted manuscript,2025-06-24
3-phosphoglycerate-2,C3H5O7P-2,-372800.0,-450800.0,32.27,-3.4656,61.4,-14.51,-0.3167,27.247,4.496,2.247,-2.0,LDS+26,D. E. LaRowe et al. (2026) submitted manuscript,2025-06-20
3-phosphoglycerate-1,C3H6O7P-,-379300.0,-450800.0,55.69,-2.2435,62.98,-12.113,-0.3819,29.278,8.449,0.619,-1.0,LDS+26,D. E. LaRowe et al. (2026) submitted manuscript,2025-06-24
3-phosphoglycerate,C3H7O7P,-381200.0,-448900.0,68.36,-0.4584,67.33,-13.826,-0.5621,33.198,14.682,-0.901,0.0,LDS+26,D. E. LaRowe et al. (2026) submitted manuscript,2025-06-24
3-phosphoglycerol-2,C3H7O6P-2,-321500.0,-404400.0,23.26,-5.0598,56.79,-3.944,-1.1436,31.262,3.0,2.701,-2.0,LDS+26,D. E. LaRowe et al. (2026) submitted manuscript,2025-06-24
3-phosphoglycerol-1,C3H8O6P-,-330100.0,-402700.0,58.1,-2.2036,63.77,-6.683,-1.4319,42.567,13.449,0.65,-1.0,LDS+26,D. E. LaRowe et al. (2026) submitted manuscript,2025-06-24
3-phosphoglycerol,C3H9O6P,-332000.0,-400800.0,70.7,-0.4183,68.12,-8.396,-1.6121,46.511,19.682,-0.87,0.0,LDS+26,D. E. LaRowe et al. (2026) submitted manuscript,2025-06-24
phosphoenolpyruvate-3,C3H2O6P-3,-303900.0,-377000.0,-6.19,-11.4962,64.34,-10.71,0.4443,-20.598,-4.252,3.513,-3.0,LDS+26,D. E. LaRowe et al. (2026) submitted manuscript,2025-06-24
phosphoenolpyruvate-2,C3H3O6P-2,-313400.0,-373200.0,38.62,-8.6401,71.32,-13.451,0.1559,-9.288,6.2,1.465,-2.0,LDS+26,D. E. LaRowe et al. (2026) submitted manuscript,2025-06-24
phosphoenolpyruvate-1,C3H4O6P-,-318100.0,-366700.0,76.15,-7.1845,74.59,-14.199,0.0197,16.96,8.975,0.574,-1.0,LDS+26,D. E. LaRowe et al. (2026) submitted manuscript,2025-06-24
phosphoenolpyruvate,C3H5O6P,-316200.0,-364700.0,76.39,-5.4015,78.97,-15.913,-0.1605,20.891,15.208,-0.946,0.0,LDS+26,D. E. LaRowe et al. (2026) submitted manuscript,2025-06-24
cyclic-AMP-1,C10H11N5O6P-,-187500.0,-308600.0,66.44,-21.8045,175.65,-36.616,4.1802,153.37,-7.49,2.55,-1.0,LDS+26,D. E. LaRowe et al. (2026) submitted manuscript,2025-06-24
cyclic-HAMP,C10H12N5O6P,-192700.0,-312900.0,69.31,-21.8117,174.19,-36.592,4.24,147.036,-4.29,1.95,0.0,LDS+26,D. E. LaRowe et al. (2026) submitted manuscript,2025-06-24
acetylphosphate-3,C2H2O5P-3,-288700.0,-349900.0,8.4,7.5,8.098,7.818,-3.114,41.59,-9.3,4.68,-3.0,LDS+26,D. E. LaRowe et al. (2026) submitted manuscript,2025-06-24
acetylphosphate-2,C2H3O5P-2,-298500.0,-350900.0,38.0,10.36,15.07,5.076,-3.402,52.89,1.151,2.63,-2.0,LDS+26,D. E. LaRowe et al. (2026) submitted manuscript,2025-06-24
acetylphosphate-1,C2H4O5P-,-305000.0,-350900.0,60.11,14.23,11.59,0.003,-3.258,68.67,3.47,1.17,-1.0,LDS+26,D. E. LaRowe et al. (2026) submitted manuscript,2025-06-24
acetylphosphate,C2H5O5P,-308100.0,-349000.0,76.51,16.01,15.946,-1.711,-3.437,72.59,9.704,-0.35,0.0,LDS+26,D. E. LaRowe et al. (2026) submitted manuscript,2025-06-24
bisphosphoglycerate-5,C3H3O10P2-5,-563408.0,-693595.0,-42.81,-26.91,104.9,-23.92,3.767,-15.88,-6.054,7.051,-5.0,LDS+26,D. E. LaRowe et al. (2026) submitted manuscript,2025-08-28
bisphosphoglycerate-4,C3H4O10P2-4,-571931.0,-691922.0,-8.609,-24.06,111.9,-26.67,3.48,-4.584,4.395,5.019,-4.0,LDS+26,D. E. LaRowe et al. (2026) submitted manuscript,2025-08-28
bisphosphoglycerate-3,C3H5O10P2-3,-580450.0,-690249.0,25.57,-21.19,118.9,-29.42,3.191,6.716,14.84,2.988,-3.0,LDS+26,D. E. LaRowe et al. (2026) submitted manuscript,2025-08-28
bisphosphoglycerate-2,C3H6O10P2-2,-587433.0,-690249.0,49.0,-19.97,120.4,-27.01,3.126,8.748,18.8,1.367,-2.0,LDS+26,D. E. LaRowe et al. (2026) submitted manuscript,2025-08-28
bisphosphoglycerate-1,C3H7O10P2-,-589701.0,-688576.0,62.21,-18.14,125.6,-23.3,1.896,25.98,30.02,-0.1209,-1.0,LDS+26,D. E. LaRowe et al. (2026) submitted manuscript,2025-08-28
bisphosphoglycerate,C3H8O10P2,-591565.0,-686663.0,74.88,-16.32,130.7,-19.58,0.6659,43.21,41.25,-1.611,0.0,LDS+26,D. E. LaRowe et al. (2026) submitted manuscript,2025-08-28
glycerol,C3H8O3,-120160.0,-163580.0,57.0,15.52,6.32,8.22,-4.94,63.1,3.1,-0.1,0.0,LDS+26,"D. E. LaRowe et al. (2026) submitted manuscript; D. E. LaRowe and J. P. Amend (2016) ISME J. 10, 1285-1295",2025-08-28
xylose,C5H10O5,-180100.0,-249300.0,53.7,22.5,5.016,7.715,-4.681,107.74,-19.896,0.1672,0.0,LDS+26,"D. E. LaRowe et al. (2026) submitted manuscript; J. P. Amend and A. V. Plyasunov (2001) Geochim. Cosmochim. Acta 65, 3901-3917",2025-06-25
arabinose,C5H10O5,-181600.0,-249800.0,56.98,22.48,4.92,6.903,-5.398,110.75,-20.78,0.1672,0.0,LDS+26,"D. E. LaRowe et al. (2026) submitted manuscript; J. P. Amend and A. V. Plyasunov (2001) Geochim. Cosmochim. Acta 65, 3901-3917",2025-06-25
galactose,C6H12O6,-217400.0,-300000.0,65.75,27.25,4.825,2.508,-5.279,128.07,-17.77,0.215,0.0,LDS+26,"D. E. LaRowe et al. (2026) submitted manuscript; J. P. Amend and A. V. Plyasunov (2001) Geochim. Cosmochim. Acta 65, 3901-3917",2025-06-25
glucose,C6H12O6,-218100.0,-301600.0,62.84,26.3,6.831,10.485,-6.306,115.89,-12.826,0.215,0.0,LDS+26,"D. E. LaRowe et al. (2026) submitted manuscript; J. P. Amend and A. V. Plyasunov (2001) Geochim. Cosmochim. Acta 65, 3901-3917",2025-06-25
sorbose,C6H12O6,-217900.0,-301900.0,61.04,26.23,7.5,9.554,-6.998,127.95,-20.756,0.215,0.0,LDS+26,"D. E. LaRowe et al. (2026) submitted manuscript; J. P. Amend and A. V. Plyasunov (2001) Geochim. Cosmochim. Acta 65, 3901-3917",2025-06-25
fructose,C6H12O6,-215400.0,-299700.0,59.82,26.23,7.5,9.554,-6.998,127.95,-20.756,0.215,0.0,LDS+26,"D. E. LaRowe et al. (2026) submitted manuscript; J. P. Amend and A. V. Plyasunov (2001) Geochim. Cosmochim. Acta 65, 3901-3917",2025-06-25
mannose,C6H12O6,-216000.0,-300200.0,60.3,26.56,5.446,6.712,-5.064,111.78,-14.14,0.215,0.0,LDS+26,"D. E. LaRowe et al. (2026) submitted manuscript; J. P. Amend and A. V. Plyasunov (2001) Geochim. Cosmochim. Acta 65, 3901-3917",2025-06-25
ribose-5-phosphate-2,C5H9O8P-2,-377600.0,-489500.0,9.75,2.0659,57.7664,-17.55,0.3909,102.87,-32.91,2.96,-2.0,LDS+26,"D. E. LaRowe et al. (2026) submitted manuscript; D. E. LaRowe and H. C. Helgeson (2006) Geochim. Cosmochim. Acta 70, 4680-4724",2025-06-25
ribose-5-phosphate-1,C5H10O8P-,-386700.0,-486600.0,49.5,4.9219,64.7401,-20.2911,0.1026,114.17,-22.47,0.91,-1.0,LDS+26,"D. E. LaRowe et al. (2026) submitted manuscript; D. E. LaRowe and H. C. Helgeson (2006) Thermochim. Acta 448, 82-106",2025-06-25
ribose-5-phosphate,C5H11O8P,-388600.0,-484900.0,61.9,6.7071,69.0989,-22.0043,-0.0776,118.09,-16.24,-0.6,0.0,LDS+26,"D. E. LaRowe et al. (2026) submitted manuscript; D. E. LaRowe and H. C. Helgeson (2006) Thermochim. Acta 448, 82-106",2025-06-25
